Response_ID,Incident_ID,Response_Time_Minutes,Resolution_Time_Minutes,Response_Status,Response_Team,Escalation_Level
RES00001,INC00001,52,118,Contained,Network Security,L1
RES00002,INC00002,26,1367,Closed,SOC Tier 2,L3
RES00003,INC00003,29,895,Contained,Forensics,L1
RES00004,INC00004,91,540,In Progress,Incident Response,L3
RES00005,INC00005,22,1248,Contained,SOC Tier 1,L1
RES00006,INC00006,32,1226,Closed,Network Security,L1
RES00007,INC00007,101,897,Contained,Network Security,L1
RES00008,INC00008,30,222,Closed,Forensics,L1
RES00009,INC00009,114,766,Closed,Network Security,L1
RES00010,INC00010,53,691,Contained,SOC Tier 2,L2
RES00011,INC00011,323,620,Closed,Network Security,L1
RES00012,INC00012,76,672,Contained,Network Security,L2
RES00013,INC00013,54,300,Contained,Incident Response,L1
RES00014,INC00014,30,1036,In Progress,Network Security,L1
RES00015,INC00015,46,685,Contained,Forensics,L1
RES00016,INC00016,40,1100,Contained,Network Security,L1
RES00017,INC00017,47,719,In Progress,Incident Response,L1
RES00018,INC00018,55,1091,Closed,Incident Response,L2
RES00019,INC00019,26,1089,In Progress,Forensics,L2
RES00020,INC00020,117,372,In Progress,Forensics,L1
RES00021,INC00021,73,726,Closed,SOC Tier 2,L2
RES00022,INC00022,33,1120,In Progress,SOC Tier 1,L3
RES00023,INC00023,93,959,Closed,Forensics,L1
RES00024,INC00024,5,347,Closed,SOC Tier 2,L1
RES00025,INC00025,55,1258,Contained,Forensics,L1
RES00026,INC00026,33,344,In Progress,SOC Tier 1,L1
RES00027,INC00027,108,1538,Contained,Forensics,L1
RES00028,INC00028,56,1082,In Progress,Network Security,L3
RES00029,INC00029,140,624,Contained,SOC Tier 2,L1
RES00030,INC00030,122,426,Closed,SOC Tier 1,L1
RES00031,INC00031,148,1449,Closed,Forensics,L1
RES00032,INC00032,192,960,Contained,SOC Tier 1,L1
RES00033,INC00033,16,1182,Closed,SOC Tier 1,L1
RES00034,INC00034,108,1310,In Progress,Network Security,L2
RES00035,INC00035,312,437,Closed,Network Security,L1
RES00036,INC00036,114,1108,Closed,SOC Tier 1,L2
RES00037,INC00037,23,524,Contained,SOC Tier 2,L1
RES00038,INC00038,32,1341,In Progress,Network Security,L3
RES00039,INC00039,46,384,In Progress,Network Security,L2
RES00040,INC00040,5,82,Closed,SOC Tier 2,L1
RES00041,INC00041,13,979,In Progress,Incident Response,L1
RES00042,INC00042,5,813,Closed,SOC Tier 1,L1
RES00043,INC00043,7,819,Contained,SOC Tier 1,L2
RES00044,INC00044,52,453,Contained,Forensics,L1
RES00045,INC00045,18,745,Closed,SOC Tier 2,L3
RES00046,INC00046,92,1481,In Progress,Forensics,L2
RES00047,INC00047,43,1149,Contained,SOC Tier 1,L1
RES00048,INC00048,66,1484,Closed,Forensics,L2
RES00049,INC00049,43,542,In Progress,Incident Response,L1
RES00050,INC00050,49,1305,Closed,Forensics,L2
RES00051,INC00051,45,614,Closed,Forensics,L3
RES00052,INC00052,167,1516,Pending,SOC Tier 2,L1
RES00053,INC00053,126,1376,Closed,Network Security,L3
RES00054,INC00054,25,287,In Progress,SOC Tier 2,L1
RES00055,INC00055,126,1526,Closed,Network Security,L1
RES00056,INC00056,35,921,Closed,Forensics,L2
RES00057,INC00057,8,1132,Closed,Forensics,L1
RES00058,INC00058,85,931,Closed,Network Security,L2
RES00059,INC00059,104,440,In Progress,SOC Tier 2,L1
RES00060,INC00060,40,1458,Closed,SOC Tier 1,L2
RES00061,INC00061,20,208,In Progress,Incident Response,L1
RES00062,INC00062,40,1210,Closed,SOC Tier 1,L1
RES00063,INC00063,27,351,In Progress,Incident Response,L1
RES00064,INC00064,96,1233,In Progress,Forensics,L1
RES00065,INC00065,201,827,Pending,SOC Tier 1,L1
RES00066,INC00066,37,400,In Progress,Forensics,L1
RES00067,INC00067,75,438,In Progress,Incident Response,L1
RES00068,INC00068,43,523,Pending,SOC Tier 1,L1
RES00069,INC00069,41,1341,Closed,Network Security,L1
RES00070,INC00070,134,1248,Closed,SOC Tier 1,L1
RES00071,INC00071,204,1179,In Progress,Network Security,L3
RES00072,INC00072,19,937,Closed,Incident Response,L1
RES00073,INC00073,107,724,Contained,Network Security,L1
RES00074,INC00074,72,1373,Closed,SOC Tier 2,L1
RES00075,INC00075,135,551,Contained,SOC Tier 1,L3
RES00076,INC00076,83,1442,Closed,SOC Tier 2,L1
RES00077,INC00077,79,645,Contained,Network Security,L2
RES00078,INC00078,64,575,In Progress,Forensics,L1
RES00079,INC00079,17,718,Closed,SOC Tier 2,L1
RES00080,INC00080,201,1286,Closed,SOC Tier 2,L3
RES00081,INC00081,71,1107,Closed,Forensics,L1
RES00082,INC00082,37,1148,Contained,SOC Tier 2,L3
RES00083,INC00083,21,176,Contained,SOC Tier 2,L1
RES00084,INC00084,64,321,Closed,Forensics,L1
RES00085,INC00085,74,1300,Pending,Incident Response,L1
RES00086,INC00086,7,1420,Pending,Incident Response,L1
RES00087,INC00087,98,307,Contained,Incident Response,L3
RES00088,INC00088,62,1366,In Progress,Network Security,L1
RES00089,INC00089,168,568,Contained,SOC Tier 2,L1
RES00090,INC00090,11,1421,In Progress,Network Security,L2
RES00091,INC00091,242,1672,Closed,SOC Tier 2,L1
RES00092,INC00092,26,954,Closed,Incident Response,L1
RES00093,INC00093,53,351,Closed,SOC Tier 1,L1
RES00094,INC00094,64,1205,Closed,SOC Tier 1,L1
RES00095,INC00095,14,186,Contained,Incident Response,L1
RES00096,INC00096,43,544,Closed,SOC Tier 1,L1
RES00097,INC00097,33,963,Closed,Forensics,L2
RES00098,INC00098,62,187,Contained,Forensics,L1
RES00099,INC00099,34,618,In Progress,SOC Tier 2,L1
RES00100,INC00100,67,1221,Closed,SOC Tier 2,L2
RES00101,INC00101,90,249,Closed,Incident Response,L1
RES00102,INC00102,21,568,Closed,SOC Tier 2,L3
RES00103,INC00103,44,79,Closed,Forensics,L1
RES00104,INC00104,44,1002,Closed,SOC Tier 1,L1
RES00105,INC00105,35,176,Closed,Incident Response,L1
RES00106,INC00106,31,457,Closed,SOC Tier 1,L2
RES00107,INC00107,43,810,Closed,Forensics,L1
RES00108,INC00108,124,456,Closed,SOC Tier 1,L1
RES00109,INC00109,34,389,Pending,Incident Response,L1
RES00110,INC00110,21,1228,Closed,Forensics,L1
RES00111,INC00111,46,1172,In Progress,Incident Response,L1
RES00112,INC00112,23,166,Contained,SOC Tier 1,L1
RES00113,INC00113,12,1251,Contained,SOC Tier 1,L1
RES00114,INC00114,74,764,Contained,Network Security,L1
RES00115,INC00115,177,411,Pending,SOC Tier 1,L2
RES00116,INC00116,68,1376,In Progress,SOC Tier 2,L1
RES00117,INC00117,9,514,Pending,Network Security,L1
RES00118,INC00118,24,513,Closed,SOC Tier 2,L1
RES00119,INC00119,13,249,Closed,Forensics,L1
RES00120,INC00120,113,1392,Closed,Network Security,L1
RES00121,INC00121,6,440,Contained,SOC Tier 1,L2
RES00122,INC00122,51,916,In Progress,Forensics,L1
RES00123,INC00123,71,438,Closed,Forensics,L1
RES00124,INC00124,8,1300,In Progress,SOC Tier 2,L1
RES00125,INC00125,40,1179,Closed,SOC Tier 2,L1
RES00126,INC00126,43,782,Closed,SOC Tier 2,L1
RES00127,INC00127,37,554,Contained,Incident Response,L1
RES00128,INC00128,320,1273,In Progress,Incident Response,L1
RES00129,INC00129,36,764,Pending,Forensics,L1
RES00130,INC00130,57,1413,Closed,Network Security,L1
RES00131,INC00131,185,1165,Contained,Forensics,L3
RES00132,INC00132,145,213,Closed,SOC Tier 2,L1
RES00133,INC00133,40,1229,Closed,Incident Response,L1
RES00134,INC00134,48,349,Contained,SOC Tier 1,L1
RES00135,INC00135,85,539,In Progress,SOC Tier 2,L1
RES00136,INC00136,68,712,Contained,Incident Response,L1
RES00137,INC00137,54,379,In Progress,SOC Tier 1,L1
RES00138,INC00138,309,1667,Closed,Forensics,L1
RES00139,INC00139,78,1487,Closed,SOC Tier 2,L1
RES00140,INC00140,72,321,Closed,SOC Tier 1,L2
RES00141,INC00141,78,559,Contained,Network Security,L1
RES00142,INC00142,91,643,In Progress,SOC Tier 1,L1
RES00143,INC00143,287,1263,Closed,SOC Tier 2,L1
RES00144,INC00144,28,900,Closed,SOC Tier 1,L3
RES00145,INC00145,60,1045,Closed,Network Security,L1
RES00146,INC00146,234,307,Contained,Forensics,L1
RES00147,INC00147,26,780,Closed,SOC Tier 1,L1
RES00148,INC00148,12,339,In Progress,Incident Response,L3
RES00149,INC00149,128,480,Contained,Incident Response,L1
RES00150,INC00150,49,1171,Closed,Network Security,L1
RES00151,INC00151,44,273,In Progress,SOC Tier 2,L3
RES00152,INC00152,8,82,Closed,Incident Response,L3
RES00153,INC00153,5,721,Contained,Incident Response,L2
RES00154,INC00154,6,1073,In Progress,SOC Tier 1,L1
RES00155,INC00155,192,942,Pending,Incident Response,L3
RES00156,INC00156,10,267,Closed,Incident Response,L1
RES00157,INC00157,15,1135,Closed,Forensics,L1
RES00158,INC00158,61,629,Contained,Incident Response,L1
RES00159,INC00159,58,1088,In Progress,Forensics,L1
RES00160,INC00160,110,424,In Progress,SOC Tier 2,L1
RES00161,INC00161,20,1335,In Progress,Network Security,L2
RES00162,INC00162,40,469,Closed,Forensics,L1
RES00163,INC00163,15,1413,In Progress,SOC Tier 1,L3
RES00164,INC00164,38,599,In Progress,Incident Response,L3
RES00165,INC00165,131,1187,Pending,Forensics,L1
RES00166,INC00166,50,787,Closed,Incident Response,L2
RES00167,INC00167,24,161,Closed,Forensics,L3
RES00168,INC00168,50,218,Closed,Incident Response,L1
RES00169,INC00169,255,856,Closed,Forensics,L3
RES00170,INC00170,11,313,Closed,Network Security,L2
RES00171,INC00171,40,928,Contained,Incident Response,L1
RES00172,INC00172,15,239,Closed,SOC Tier 2,L1
RES00173,INC00173,70,932,Closed,SOC Tier 1,L1
RES00174,INC00174,76,394,In Progress,SOC Tier 2,L2
RES00175,INC00175,14,299,Closed,Network Security,L1
RES00176,INC00176,6,553,Closed,Incident Response,L1
RES00177,INC00177,41,892,Closed,SOC Tier 2,L2
RES00178,INC00178,14,607,In Progress,Incident Response,L2
RES00179,INC00179,134,657,Contained,SOC Tier 2,L3
RES00180,INC00180,9,518,Closed,Forensics,L1
RES00181,INC00181,38,545,In Progress,SOC Tier 2,L3
RES00182,INC00182,44,643,Pending,Incident Response,L1
RES00183,INC00183,45,1250,In Progress,Incident Response,L1
RES00184,INC00184,31,875,Contained,Network Security,L2
RES00185,INC00185,41,665,Closed,SOC Tier 2,L1
RES00186,INC00186,168,1254,Closed,SOC Tier 1,L3
RES00187,INC00187,15,788,Closed,Network Security,L2
RES00188,INC00188,11,1379,Contained,Incident Response,L1
RES00189,INC00189,108,931,Contained,Network Security,L1
RES00190,INC00190,68,402,In Progress,Incident Response,L1
RES00191,INC00191,6,829,In Progress,Incident Response,L1
RES00192,INC00192,13,1133,Closed,Forensics,L3
RES00193,INC00193,105,435,In Progress,SOC Tier 1,L1
RES00194,INC00194,49,364,In Progress,SOC Tier 1,L2
RES00195,INC00195,77,952,Closed,Forensics,L1
RES00196,INC00196,180,1457,Closed,Forensics,L1
RES00197,INC00197,35,536,Pending,Incident Response,L1
RES00198,INC00198,55,799,Closed,Incident Response,L1
RES00199,INC00199,39,992,Contained,Incident Response,L1
RES00200,INC00200,40,1005,Closed,Forensics,L1
RES00201,INC00201,81,316,Closed,Incident Response,L2
RES00202,INC00202,14,601,Pending,Network Security,L3
RES00203,INC00203,60,1491,In Progress,SOC Tier 2,L2
RES00204,INC00204,18,1300,In Progress,SOC Tier 2,L1
RES00205,INC00205,19,1137,Closed,Network Security,L1
RES00206,INC00206,94,158,Contained,SOC Tier 2,L2
RES00207,INC00207,267,885,Closed,SOC Tier 1,L1
RES00208,INC00208,19,121,Contained,SOC Tier 1,L1
RES00209,INC00209,49,503,Contained,Forensics,L3
RES00210,INC00210,29,1278,In Progress,SOC Tier 2,L1
RES00211,INC00211,59,635,In Progress,SOC Tier 1,L1
RES00212,INC00212,29,296,Contained,Forensics,L1
RES00213,INC00213,83,1129,Closed,Forensics,L1
RES00214,INC00214,150,1250,Closed,Incident Response,L3
RES00215,INC00215,10,964,In Progress,Network Security,L1
RES00216,INC00216,17,1187,Closed,Network Security,L1
RES00217,INC00217,23,1042,In Progress,SOC Tier 1,L1
RES00218,INC00218,32,956,Closed,SOC Tier 2,L1
RES00219,INC00219,25,1308,Pending,Incident Response,L1
RES00220,INC00220,5,492,Closed,Incident Response,L1
RES00221,INC00221,259,932,In Progress,SOC Tier 2,L2
RES00222,INC00222,62,885,In Progress,SOC Tier 1,L2
RES00223,INC00223,23,997,Closed,Forensics,L1
RES00224,INC00224,295,996,Contained,Network Security,L1
RES00225,INC00225,5,657,Contained,Network Security,L1
RES00226,INC00226,155,418,Contained,Incident Response,L1
RES00227,INC00227,226,1155,Closed,Incident Response,L2
RES00228,INC00228,40,244,Contained,Incident Response,L2
RES00229,INC00229,85,784,Closed,Incident Response,L1
RES00230,INC00230,188,794,Closed,Network Security,L2
RES00231,INC00231,226,1351,Closed,Forensics,L1
RES00232,INC00232,104,805,Contained,Network Security,L1
RES00233,INC00233,31,68,Closed,Network Security,L1
RES00234,INC00234,44,787,In Progress,SOC Tier 1,L1
RES00235,INC00235,174,508,Closed,Incident Response,L1
RES00236,INC00236,67,632,Contained,Forensics,L1
RES00237,INC00237,20,467,Closed,SOC Tier 2,L3
RES00238,INC00238,5,269,Closed,Incident Response,L1
RES00239,INC00239,88,1451,In Progress,SOC Tier 2,L1
RES00240,INC00240,5,392,In Progress,SOC Tier 1,L3
RES00241,INC00241,67,811,Contained,Network Security,L1
RES00242,INC00242,9,1206,Closed,SOC Tier 2,L1
RES00243,INC00243,45,588,Contained,Incident Response,L3
RES00244,INC00244,264,1615,Closed,Incident Response,L1
RES00245,INC00245,21,621,Contained,Forensics,L1
RES00246,INC00246,39,1403,Closed,Forensics,L1
RES00247,INC00247,21,688,Contained,Incident Response,L1
RES00248,INC00248,143,193,In Progress,SOC Tier 1,L1
RES00249,INC00249,74,1327,Contained,Incident Response,L1
RES00250,INC00250,37,1285,Closed,Forensics,L1
RES00251,INC00251,32,1418,In Progress,Incident Response,L3
RES00252,INC00252,9,213,In Progress,Incident Response,L2
RES00253,INC00253,6,1226,Contained,Network Security,L1
RES00254,INC00254,40,551,Closed,Incident Response,L1
RES00255,INC00255,74,1290,Closed,Incident Response,L3
RES00256,INC00256,52,1440,Contained,Incident Response,L1
RES00257,INC00257,5,315,In Progress,Forensics,L1
RES00258,INC00258,51,604,Contained,Incident Response,L1
RES00259,INC00259,88,496,Contained,SOC Tier 2,L1
RES00260,INC00260,101,560,Closed,Incident Response,L1
RES00261,INC00261,86,956,Contained,Network Security,L1
RES00262,INC00262,291,902,Closed,Forensics,L1
RES00263,INC00263,82,1037,Closed,Forensics,L3
RES00264,INC00264,50,1030,Closed,Network Security,L1
RES00265,INC00265,207,522,In Progress,Network Security,L3
RES00266,INC00266,13,104,Closed,Incident Response,L1
RES00267,INC00267,49,1131,Contained,SOC Tier 2,L2
RES00268,INC00268,54,340,Contained,Incident Response,L1
RES00269,INC00269,53,364,Closed,Network Security,L1
RES00270,INC00270,55,932,In Progress,Incident Response,L2
RES00271,INC00271,55,455,Contained,SOC Tier 2,L1
RES00272,INC00272,46,343,In Progress,SOC Tier 1,L3
RES00273,INC00273,12,474,In Progress,SOC Tier 1,L1
RES00274,INC00274,9,775,Closed,Incident Response,L1
RES00275,INC00275,159,1381,Closed,Network Security,L1
RES00276,INC00276,62,1486,Closed,Network Security,L1
RES00277,INC00277,41,1103,Contained,Forensics,L1
RES00278,INC00278,62,1359,Pending,Network Security,L1
RES00279,INC00279,190,968,Contained,SOC Tier 1,L1
RES00280,INC00280,61,666,Contained,Forensics,L1
RES00281,INC00281,43,1228,Closed,Forensics,L1
RES00282,INC00282,22,478,Closed,Forensics,L2
RES00283,INC00283,27,1203,Closed,Incident Response,L1
RES00284,INC00284,24,1461,Closed,SOC Tier 2,L3
RES00285,INC00285,7,586,Contained,Forensics,L1
RES00286,INC00286,117,1040,Closed,SOC Tier 1,L1
RES00287,INC00287,35,1166,Closed,Network Security,L1
RES00288,INC00288,5,1139,Closed,Forensics,L3
RES00289,INC00289,44,364,Contained,Forensics,L3
RES00290,INC00290,53,1440,Closed,Incident Response,L1
RES00291,INC00291,24,763,Contained,Forensics,L2
RES00292,INC00292,17,105,Closed,Forensics,L1
RES00293,INC00293,72,268,Closed,Forensics,L1
RES00294,INC00294,6,1061,Closed,SOC Tier 2,L1
RES00295,INC00295,93,724,In Progress,Network Security,L2
RES00296,INC00296,13,195,In Progress,Forensics,L3
RES00297,INC00297,65,828,Closed,SOC Tier 2,L1
RES00298,INC00298,31,906,Closed,SOC Tier 2,L1
RES00299,INC00299,11,153,Closed,SOC Tier 2,L2
RES00300,INC00300,98,621,Contained,SOC Tier 2,L2
RES00301,INC00301,56,738,Closed,Network Security,L1
RES00302,INC00302,15,1145,Closed,Forensics,L1
RES00303,INC00303,18,966,In Progress,SOC Tier 1,L3
RES00304,INC00304,19,171,In Progress,SOC Tier 2,L3
RES00305,INC00305,63,958,Closed,Forensics,L1
RES00306,INC00306,185,1487,In Progress,Incident Response,L3
RES00307,INC00307,52,158,Closed,SOC Tier 2,L3
RES00308,INC00308,24,1445,Closed,Network Security,L1
RES00309,INC00309,23,187,Contained,Forensics,L1
RES00310,INC00310,63,970,In Progress,SOC Tier 2,L3
RES00311,INC00311,28,553,Closed,Incident Response,L1
RES00312,INC00312,156,1216,Closed,Network Security,L2
RES00313,INC00313,278,1496,Closed,Forensics,L3
RES00314,INC00314,8,1239,Closed,Incident Response,L1
RES00315,INC00315,15,1271,Closed,Forensics,L1
RES00316,INC00316,100,1280,Closed,Network Security,L1
RES00317,INC00317,43,509,Closed,Incident Response,L1
RES00318,INC00318,8,694,Contained,Incident Response,L3
RES00319,INC00319,14,1057,In Progress,Network Security,L1
RES00320,INC00320,170,437,Contained,SOC Tier 1,L1
RES00321,INC00321,103,947,Closed,SOC Tier 2,L2
RES00322,INC00322,25,802,Contained,SOC Tier 2,L1
RES00323,INC00323,14,1430,Closed,Forensics,L2
RES00324,INC00324,104,204,Closed,Forensics,L1
RES00325,INC00325,21,184,Contained,Forensics,L1
RES00326,INC00326,61,133,In Progress,SOC Tier 1,L3
RES00327,INC00327,78,880,Closed,SOC Tier 2,L1
RES00328,INC00328,9,815,Pending,SOC Tier 2,L2
RES00329,INC00329,10,875,Closed,SOC Tier 1,L1
RES00330,INC00330,89,460,Contained,SOC Tier 2,L3
RES00331,INC00331,77,540,Contained,Incident Response,L3
RES00332,INC00332,92,709,Closed,Forensics,L1
RES00333,INC00333,39,135,Contained,SOC Tier 1,L1
RES00334,INC00334,35,1125,Contained,Forensics,L3
RES00335,INC00335,47,150,Contained,Forensics,L1
RES00336,INC00336,51,1021,Contained,SOC Tier 1,L3
RES00337,INC00337,86,755,Closed,SOC Tier 2,L1
RES00338,INC00338,82,1520,In Progress,Incident Response,L1
RES00339,INC00339,73,1079,Contained,Forensics,L2
RES00340,INC00340,30,730,In Progress,Network Security,L1
RES00341,INC00341,7,1024,Contained,Forensics,L1
RES00342,INC00342,70,265,In Progress,SOC Tier 2,L1
RES00343,INC00343,33,318,Closed,Forensics,L1
RES00344,INC00344,99,832,In Progress,Forensics,L1
RES00345,INC00345,35,1274,Closed,Incident Response,L1
RES00346,INC00346,123,1309,In Progress,SOC Tier 1,L1
RES00347,INC00347,89,650,Contained,SOC Tier 2,L1
RES00348,INC00348,49,478,In Progress,SOC Tier 1,L1
RES00349,INC00349,48,1437,Closed,Forensics,L1
RES00350,INC00350,110,937,Closed,SOC Tier 2,L1
RES00351,INC00351,13,209,In Progress,Network Security,L1
RES00352,INC00352,70,417,Closed,SOC Tier 2,L1
RES00353,INC00353,13,1222,Contained,Forensics,L1
RES00354,INC00354,53,1349,Closed,Network Security,L1
RES00355,INC00355,5,1315,Closed,SOC Tier 2,L1
RES00356,INC00356,22,61,In Progress,Incident Response,L1
RES00357,INC00357,22,1211,Contained,SOC Tier 1,L1
RES00358,INC00358,15,202,Pending,SOC Tier 1,L1
RES00359,INC00359,112,1282,Closed,Forensics,L1
RES00360,INC00360,26,1298,Contained,Forensics,L3
RES00361,INC00361,67,606,Closed,Forensics,L1
RES00362,INC00362,7,310,In Progress,Network Security,L3
RES00363,INC00363,97,1132,Closed,SOC Tier 2,L3
RES00364,INC00364,41,167,In Progress,SOC Tier 1,L1
RES00365,INC00365,72,918,Closed,Network Security,L1
RES00366,INC00366,53,550,Contained,SOC Tier 2,L1
RES00367,INC00367,5,633,In Progress,SOC Tier 1,L3
RES00368,INC00368,321,1515,In Progress,SOC Tier 1,L1
RES00369,INC00369,49,1479,Closed,Incident Response,L1
RES00370,INC00370,99,696,In Progress,Forensics,L1
RES00371,INC00371,84,523,Closed,SOC Tier 2,L1
RES00372,INC00372,22,1228,Closed,Forensics,L1
RES00373,INC00373,23,635,Contained,SOC Tier 2,L3
RES00374,INC00374,140,451,Pending,Network Security,L3
RES00375,INC00375,36,1339,In Progress,SOC Tier 2,L3
RES00376,INC00376,55,1483,In Progress,Network Security,L1
RES00377,INC00377,89,526,Contained,SOC Tier 2,L2
RES00378,INC00378,17,269,Closed,Network Security,L2
RES00379,INC00379,171,416,Contained,Incident Response,L2
RES00380,INC00380,200,1074,In Progress,SOC Tier 1,L2
RES00381,INC00381,17,484,Closed,SOC Tier 2,L1
RES00382,INC00382,27,935,Contained,SOC Tier 2,L3
RES00383,INC00383,100,1200,Closed,Incident Response,L1
RES00384,INC00384,40,78,Closed,SOC Tier 2,L3
RES00385,INC00385,40,1282,Contained,Incident Response,L2
RES00386,INC00386,30,101,Contained,Forensics,L2
RES00387,INC00387,51,242,Closed,Network Security,L1
RES00388,INC00388,20,1072,Closed,SOC Tier 2,L3
RES00389,INC00389,7,913,Closed,Network Security,L1
RES00390,INC00390,93,1502,Closed,Forensics,L3
RES00391,INC00391,58,887,Closed,SOC Tier 2,L1
RES00392,INC00392,106,724,Closed,SOC Tier 2,L2
RES00393,INC00393,70,1043,Closed,SOC Tier 1,L1
RES00394,INC00394,23,1127,Closed,Forensics,L1
RES00395,INC00395,9,985,Closed,Forensics,L3
RES00396,INC00396,70,622,Contained,Incident Response,L2
RES00397,INC00397,7,1389,Closed,Forensics,L1
RES00398,INC00398,30,485,In Progress,Network Security,L3
RES00399,INC00399,54,572,In Progress,Forensics,L3
RES00400,INC00400,23,444,Contained,Forensics,L1
RES00401,INC00401,14,466,In Progress,Forensics,L2
RES00402,INC00402,25,355,Closed,SOC Tier 2,L1
RES00403,INC00403,20,869,In Progress,Network Security,L1
RES00404,INC00404,30,1087,Closed,SOC Tier 1,L1
RES00405,INC00405,12,647,Contained,Forensics,L2
RES00406,INC00406,10,1341,In Progress,SOC Tier 2,L1
RES00407,INC00407,7,704,In Progress,Incident Response,L1
RES00408,INC00408,22,710,Contained,Incident Response,L2
RES00409,INC00409,243,370,Closed,Network Security,L1
RES00410,INC00410,74,1377,Contained,Network Security,L1
RES00411,INC00411,30,269,In Progress,Forensics,L1
RES00412,INC00412,46,307,Contained,Network Security,L3
RES00413,INC00413,98,1446,In Progress,Network Security,L2
RES00414,INC00414,35,797,Pending,Incident Response,L1
RES00415,INC00415,32,158,Closed,Incident Response,L1
RES00416,INC00416,170,822,In Progress,Forensics,L1
RES00417,INC00417,133,995,In Progress,SOC Tier 2,L2
RES00418,INC00418,56,100,Closed,Network Security,L1
RES00419,INC00419,94,1187,Closed,SOC Tier 2,L2
RES00420,INC00420,127,1099,Contained,Incident Response,L1
RES00421,INC00421,11,57,Closed,SOC Tier 2,L1
RES00422,INC00422,158,1060,Closed,SOC Tier 2,L3
RES00423,INC00423,8,352,In Progress,Forensics,L2
RES00424,INC00424,14,1079,In Progress,Network Security,L3
RES00425,INC00425,94,655,Closed,Network Security,L1
RES00426,INC00426,23,338,Closed,SOC Tier 1,L3
RES00427,INC00427,65,809,Closed,SOC Tier 2,L1
RES00428,INC00428,32,686,Contained,SOC Tier 2,L1
RES00429,INC00429,33,544,Closed,Network Security,L1
RES00430,INC00430,105,1373,Contained,Forensics,L1
RES00431,INC00431,58,1003,Closed,SOC Tier 2,L1
RES00432,INC00432,108,825,Closed,SOC Tier 2,L1
RES00433,INC00433,5,354,In Progress,Incident Response,L1
RES00434,INC00434,73,904,In Progress,Forensics,L1
RES00435,INC00435,49,114,Closed,SOC Tier 2,L1
RES00436,INC00436,26,1303,Closed,SOC Tier 2,L1
RES00437,INC00437,16,48,Pending,Incident Response,L1
RES00438,INC00438,45,1060,Closed,Forensics,L1
RES00439,INC00439,33,550,Contained,Network Security,L2
RES00440,INC00440,51,1094,Contained,Incident Response,L1
RES00441,INC00441,136,675,Contained,Network Security,L3
RES00442,INC00442,110,176,Closed,SOC Tier 1,L1
RES00443,INC00443,275,1642,In Progress,Network Security,L1
RES00444,INC00444,30,1140,Closed,SOC Tier 1,L1
RES00445,INC00445,53,146,In Progress,SOC Tier 2,L3
RES00446,INC00446,28,104,Closed,SOC Tier 2,L1
RES00447,INC00447,71,848,Closed,Network Security,L1
RES00448,INC00448,34,1412,In Progress,SOC Tier 2,L1
RES00449,INC00449,25,869,Contained,SOC Tier 2,L1
RES00450,INC00450,20,65,Contained,Forensics,L1
RES00451,INC00451,84,1099,Contained,Incident Response,L1
RES00452,INC00452,133,766,Closed,Network Security,L3
RES00453,INC00453,26,956,Closed,Incident Response,L1
RES00454,INC00454,324,847,Contained,Network Security,L1
RES00455,INC00455,17,58,Closed,Network Security,L2
RES00456,INC00456,69,124,Contained,Network Security,L1
RES00457,INC00457,123,1043,In Progress,Forensics,L1
RES00458,INC00458,14,939,In Progress,Network Security,L1
RES00459,INC00459,118,602,Contained,SOC Tier 2,L1
RES00460,INC00460,13,159,Closed,SOC Tier 1,L1
RES00461,INC00461,192,1311,In Progress,Forensics,L2
RES00462,INC00462,6,249,Closed,SOC Tier 2,L1
RES00463,INC00463,28,323,In Progress,SOC Tier 2,L1
RES00464,INC00464,210,877,Closed,SOC Tier 1,L1
RES00465,INC00465,30,1069,Pending,Incident Response,L1
RES00466,INC00466,254,1687,Contained,Incident Response,L1
RES00467,INC00467,12,923,Pending,Forensics,L1
RES00468,INC00468,38,1422,Contained,Network Security,L3
RES00469,INC00469,150,1099,Pending,Network Security,L1
RES00470,INC00470,61,1286,Contained,Incident Response,L1
RES00471,INC00471,158,436,Closed,Forensics,L1
RES00472,INC00472,44,153,In Progress,Forensics,L2
RES00473,INC00473,16,989,Closed,Forensics,L1
RES00474,INC00474,17,1421,Closed,SOC Tier 2,L3
RES00475,INC00475,19,1088,Contained,SOC Tier 2,L1
RES00476,INC00476,33,546,Closed,SOC Tier 1,L1
RES00477,INC00477,12,732,Contained,Forensics,L2
RES00478,INC00478,128,316,Closed,Network Security,L1
RES00479,INC00479,117,626,Closed,Forensics,L1
RES00480,INC00480,62,1054,Closed,Network Security,L2
RES00481,INC00481,43,307,In Progress,Incident Response,L1
RES00482,INC00482,104,813,Closed,SOC Tier 1,L1
RES00483,INC00483,115,553,In Progress,SOC Tier 1,L3
RES00484,INC00484,25,747,Contained,Network Security,L1
RES00485,INC00485,15,1121,Pending,SOC Tier 2,L1
RES00486,INC00486,103,1380,In Progress,SOC Tier 2,L2
RES00487,INC00487,73,680,Closed,Forensics,L3
RES00488,INC00488,61,1257,Closed,Incident Response,L1
RES00489,INC00489,36,1056,Pending,Forensics,L2
RES00490,INC00490,66,1395,Closed,Incident Response,L1
RES00491,INC00491,63,1136,Closed,Forensics,L1
RES00492,INC00492,17,823,Closed,SOC Tier 1,L1
RES00493,INC00493,5,985,Closed,SOC Tier 2,L1
RES00494,INC00494,111,588,In Progress,SOC Tier 1,L1
RES00495,INC00495,113,1092,In Progress,SOC Tier 1,L1
RES00496,INC00496,32,1061,Closed,Forensics,L1
RES00497,INC00497,52,943,In Progress,Incident Response,L1
RES00498,INC00498,80,255,Closed,SOC Tier 2,L1
RES00499,INC00499,16,776,Closed,SOC Tier 2,L1
RES00500,INC00500,33,1065,Closed,SOC Tier 2,L3
RES00501,INC00501,18,326,Contained,SOC Tier 1,L1
RES00502,INC00502,42,1182,Closed,Forensics,L1
RES00503,INC00503,26,1244,Closed,SOC Tier 1,L2
RES00504,INC00504,17,806,Pending,SOC Tier 2,L3
RES00505,INC00505,19,1408,In Progress,SOC Tier 1,L1
RES00506,INC00506,13,1252,In Progress,Forensics,L1
RES00507,INC00507,49,736,Contained,SOC Tier 2,L1
RES00508,INC00508,137,1413,Closed,SOC Tier 2,L1
RES00509,INC00509,25,1370,Closed,Network Security,L1
RES00510,INC00510,51,233,Contained,Incident Response,L1
RES00511,INC00511,63,1500,Closed,SOC Tier 2,L2
RES00512,INC00512,121,158,In Progress,Incident Response,L1
RES00513,INC00513,15,730,In Progress,Incident Response,L2
RES00514,INC00514,11,1363,Pending,SOC Tier 2,L1
RES00515,INC00515,19,1070,Closed,Incident Response,L1
RES00516,INC00516,55,461,Closed,SOC Tier 2,L1
RES00517,INC00517,43,980,Closed,Forensics,L1
RES00518,INC00518,10,342,Closed,Incident Response,L1
RES00519,INC00519,5,369,In Progress,Network Security,L3
RES00520,INC00520,24,1339,Closed,SOC Tier 2,L2
RES00521,INC00521,110,206,In Progress,Network Security,L3
RES00522,INC00522,49,1435,Contained,Incident Response,L2
RES00523,INC00523,42,711,Contained,Network Security,L1
RES00524,INC00524,33,154,Pending,Incident Response,L1
RES00525,INC00525,25,1164,In Progress,Network Security,L1
RES00526,INC00526,5,103,In Progress,SOC Tier 1,L1
RES00527,INC00527,31,519,In Progress,Network Security,L3
RES00528,INC00528,84,453,Closed,Network Security,L3
RES00529,INC00529,42,1178,Contained,Incident Response,L1
RES00530,INC00530,38,627,Contained,SOC Tier 1,L1
RES00531,INC00531,103,1056,Closed,Incident Response,L1
RES00532,INC00532,67,198,Closed,Network Security,L2
RES00533,INC00533,70,1080,Contained,Incident Response,L1
RES00534,INC00534,90,1122,Closed,SOC Tier 1,L1
RES00535,INC00535,19,451,In Progress,SOC Tier 2,L1
RES00536,INC00536,26,1298,In Progress,Forensics,L3
RES00537,INC00537,21,713,Closed,SOC Tier 2,L3
RES00538,INC00538,77,1047,Contained,Incident Response,L1
RES00539,INC00539,23,309,Closed,SOC Tier 2,L1
RES00540,INC00540,9,1354,Pending,Network Security,L1
RES00541,INC00541,13,390,Closed,Incident Response,L2
RES00542,INC00542,41,953,Closed,SOC Tier 2,L1
RES00543,INC00543,157,313,Closed,Incident Response,L1
RES00544,INC00544,32,125,In Progress,Incident Response,L1
RES00545,INC00545,76,284,In Progress,Incident Response,L1
RES00546,INC00546,156,1515,Closed,SOC Tier 2,L1
RES00547,INC00547,58,384,Closed,SOC Tier 1,L1
RES00548,INC00548,80,1350,Pending,Network Security,L1
RES00549,INC00549,99,947,Pending,SOC Tier 2,L1
RES00550,INC00550,127,282,Closed,Network Security,L1
RES00551,INC00551,194,846,Closed,SOC Tier 2,L1
RES00552,INC00552,9,714,Closed,Forensics,L1
RES00553,INC00553,63,469,Closed,Network Security,L1
RES00554,INC00554,182,1063,In Progress,Incident Response,L1
RES00555,INC00555,226,1470,In Progress,SOC Tier 2,L1
RES00556,INC00556,74,1350,Closed,Network Security,L1
RES00557,INC00557,16,786,Closed,SOC Tier 1,L1
RES00558,INC00558,37,1326,In Progress,SOC Tier 1,L1
RES00559,INC00559,69,1400,Closed,SOC Tier 1,L1
RES00560,INC00560,106,260,In Progress,SOC Tier 2,L3
RES00561,INC00561,6,931,In Progress,Incident Response,L1
RES00562,INC00562,5,1125,Closed,SOC Tier 2,L1
RES00563,INC00563,26,78,In Progress,SOC Tier 1,L1
RES00564,INC00564,90,970,Pending,SOC Tier 2,L1
RES00565,INC00565,8,1326,Closed,Incident Response,L1
RES00566,INC00566,15,423,Contained,SOC Tier 2,L1
RES00567,INC00567,99,1338,Contained,Incident Response,L1
RES00568,INC00568,138,1484,Closed,SOC Tier 2,L1
RES00569,INC00569,94,1019,In Progress,Forensics,L1
RES00570,INC00570,29,946,Closed,Forensics,L1
RES00571,INC00571,64,848,Contained,Network Security,L1
RES00572,INC00572,59,665,In Progress,Incident Response,L1
RES00573,INC00573,66,734,Closed,SOC Tier 1,L1
RES00574,INC00574,5,771,Contained,Network Security,L2
RES00575,INC00575,7,716,Closed,SOC Tier 2,L1
RES00576,INC00576,28,1222,Closed,SOC Tier 2,L3
RES00577,INC00577,59,1173,Closed,Network Security,L1
RES00578,INC00578,48,568,Contained,SOC Tier 1,L1
RES00579,INC00579,44,797,In Progress,SOC Tier 2,L1
RES00580,INC00580,9,342,Closed,Network Security,L1
RES00581,INC00581,11,289,Contained,Forensics,L1
RES00582,INC00582,55,605,Closed,Incident Response,L1
RES00583,INC00583,42,154,Closed,Incident Response,L1
RES00584,INC00584,17,1251,In Progress,Forensics,L1
RES00585,INC00585,53,260,In Progress,SOC Tier 1,L1
RES00586,INC00586,270,760,Closed,Incident Response,L1
RES00587,INC00587,188,572,Closed,SOC Tier 2,L3
RES00588,INC00588,26,347,In Progress,Incident Response,L3
RES00589,INC00589,108,656,Closed,Forensics,L1
RES00590,INC00590,46,1090,Closed,Incident Response,L3
RES00591,INC00591,114,1402,Contained,Forensics,L1
RES00592,INC00592,120,416,In Progress,Incident Response,L2
RES00593,INC00593,5,372,Closed,Forensics,L1
RES00594,INC00594,13,705,Closed,SOC Tier 1,L3
RES00595,INC00595,15,495,Closed,SOC Tier 2,L3
RES00596,INC00596,252,1409,In Progress,SOC Tier 2,L1
RES00597,INC00597,13,357,Closed,Network Security,L1
RES00598,INC00598,12,609,Closed,Incident Response,L1
RES00599,INC00599,65,864,Closed,SOC Tier 2,L1
RES00600,INC00600,10,577,Contained,SOC Tier 1,L3
RES00601,INC00601,41,941,Pending,SOC Tier 2,L1
RES00602,INC00602,171,1328,Contained,SOC Tier 1,L1
RES00603,INC00603,16,796,Contained,Network Security,L2
RES00604,INC00604,13,687,Contained,Forensics,L1
RES00605,INC00605,66,1438,Closed,Forensics,L1
RES00606,INC00606,41,1455,In Progress,SOC Tier 2,L1
RES00607,INC00607,109,1542,Closed,Incident Response,L1
RES00608,INC00608,14,67,Contained,Incident Response,L1
RES00609,INC00609,61,1271,Closed,Incident Response,L2
RES00610,INC00610,53,1350,Contained,Incident Response,L1
RES00611,INC00611,72,1237,Closed,SOC Tier 2,L1
RES00612,INC00612,58,1144,Closed,SOC Tier 1,L3
RES00613,INC00613,248,794,Closed,Incident Response,L2
RES00614,INC00614,14,1067,In Progress,SOC Tier 1,L1
RES00615,INC00615,53,900,In Progress,SOC Tier 1,L1
RES00616,INC00616,18,1220,Closed,Incident Response,L1
RES00617,INC00617,12,537,In Progress,Forensics,L1
RES00618,INC00618,12,1089,Closed,Incident Response,L1
RES00619,INC00619,105,1240,Pending,SOC Tier 1,L1
RES00620,INC00620,72,1277,Pending,Forensics,L1
RES00621,INC00621,44,316,Closed,Network Security,L1
RES00622,INC00622,5,1252,Closed,SOC Tier 2,L2
RES00623,INC00623,25,360,Closed,SOC Tier 2,L2
RES00624,INC00624,13,1364,Contained,Forensics,L1
RES00625,INC00625,47,131,Closed,Incident Response,L3
RES00626,INC00626,26,371,Closed,SOC Tier 1,L1
RES00627,INC00627,22,910,In Progress,SOC Tier 2,L1
RES00628,INC00628,69,865,Contained,SOC Tier 2,L1
RES00629,INC00629,22,1022,Contained,Incident Response,L1
RES00630,INC00630,132,731,Closed,SOC Tier 2,L1
RES00631,INC00631,7,41,Contained,Incident Response,L3
RES00632,INC00632,45,945,Closed,SOC Tier 2,L1
RES00633,INC00633,81,831,Contained,Network Security,L2
RES00634,INC00634,26,773,Closed,Incident Response,L1
RES00635,INC00635,178,739,Closed,Forensics,L3
RES00636,INC00636,15,1300,Contained,Forensics,L2
RES00637,INC00637,5,1152,Contained,SOC Tier 2,L3
RES00638,INC00638,14,299,In Progress,SOC Tier 1,L1
RES00639,INC00639,38,122,Contained,Incident Response,L2
RES00640,INC00640,95,380,In Progress,SOC Tier 2,L1
RES00641,INC00641,22,120,Closed,Forensics,L1
RES00642,INC00642,55,1085,Contained,Incident Response,L1
RES00643,INC00643,5,909,In Progress,SOC Tier 2,L1
RES00644,INC00644,25,707,In Progress,SOC Tier 2,L2
RES00645,INC00645,61,925,Closed,Forensics,L1
RES00646,INC00646,182,1351,Closed,SOC Tier 1,L1
RES00647,INC00647,91,1292,Contained,Forensics,L1
RES00648,INC00648,14,656,In Progress,SOC Tier 2,L1
RES00649,INC00649,9,874,Contained,Forensics,L1
RES00650,INC00650,41,884,Closed,Incident Response,L1
RES00651,INC00651,36,1404,Closed,Incident Response,L2
RES00652,INC00652,24,1127,In Progress,SOC Tier 2,L1
RES00653,INC00653,64,537,Closed,Network Security,L3
RES00654,INC00654,65,1345,Closed,Network Security,L1
RES00655,INC00655,16,607,Closed,Incident Response,L1
RES00656,INC00656,46,1144,Contained,Incident Response,L2
RES00657,INC00657,20,1428,Closed,Incident Response,L3
RES00658,INC00658,60,1230,Closed,Incident Response,L1
RES00659,INC00659,18,199,In Progress,Forensics,L1
RES00660,INC00660,28,348,Pending,SOC Tier 1,L1
RES00661,INC00661,33,1185,Contained,SOC Tier 2,L1
RES00662,INC00662,58,261,Pending,Forensics,L1
RES00663,INC00663,188,234,Contained,Network Security,L1
RES00664,INC00664,46,439,Closed,SOC Tier 2,L3
RES00665,INC00665,226,941,Closed,Incident Response,L1
RES00666,INC00666,20,231,Pending,SOC Tier 1,L1
RES00667,INC00667,84,330,Pending,SOC Tier 1,L1
RES00668,INC00668,78,585,Closed,Forensics,L1
RES00669,INC00669,53,927,Contained,Network Security,L2
RES00670,INC00670,32,829,In Progress,SOC Tier 1,L2
RES00671,INC00671,77,1232,Closed,Network Security,L3
RES00672,INC00672,380,1792,In Progress,Incident Response,L3
RES00673,INC00673,111,187,Pending,Incident Response,L1
RES00674,INC00674,38,1038,Closed,Forensics,L2
RES00675,INC00675,17,277,Closed,Forensics,L1
RES00676,INC00676,43,581,Contained,SOC Tier 1,L1
RES00677,INC00677,98,611,Closed,SOC Tier 2,L1
RES00678,INC00678,50,1068,Closed,SOC Tier 2,L1
RES00679,INC00679,42,432,Pending,Forensics,L1
RES00680,INC00680,169,1460,Closed,Network Security,L3
RES00681,INC00681,24,594,In Progress,Network Security,L1
RES00682,INC00682,73,1252,Contained,SOC Tier 1,L1
RES00683,INC00683,99,1471,Contained,Forensics,L1
RES00684,INC00684,107,857,Contained,Incident Response,L1
RES00685,INC00685,45,217,In Progress,SOC Tier 2,L1
RES00686,INC00686,193,1211,Closed,Incident Response,L1
RES00687,INC00687,121,747,Contained,Incident Response,L1
RES00688,INC00688,268,775,Closed,SOC Tier 2,L1
RES00689,INC00689,41,715,Contained,Forensics,L1
RES00690,INC00690,43,495,Closed,Forensics,L1
RES00691,INC00691,46,471,Closed,SOC Tier 1,L1
RES00692,INC00692,32,1457,Contained,Forensics,L1
RES00693,INC00693,79,501,Closed,Incident Response,L1
RES00694,INC00694,12,688,Closed,Network Security,L1
RES00695,INC00695,89,1126,Contained,Network Security,L3
RES00696,INC00696,73,414,Contained,Incident Response,L1
RES00697,INC00697,28,929,Closed,Network Security,L1
RES00698,INC00698,93,1385,Closed,Network Security,L1
RES00699,INC00699,62,1238,Contained,Forensics,L1
RES00700,INC00700,36,106,Closed,Incident Response,L1
RES00701,INC00701,20,621,Contained,Network Security,L1
RES00702,INC00702,149,179,Contained,Forensics,L3
RES00703,INC00703,34,919,Closed,Forensics,L3
RES00704,INC00704,89,577,Closed,SOC Tier 1,L1
RES00705,INC00705,129,1418,In Progress,Incident Response,L2
RES00706,INC00706,201,478,In Progress,Incident Response,L1
RES00707,INC00707,296,1526,In Progress,Network Security,L2
RES00708,INC00708,65,577,Closed,Network Security,L1
RES00709,INC00709,81,1408,Contained,Forensics,L1
RES00710,INC00710,32,343,Contained,Incident Response,L1
RES00711,INC00711,51,460,In Progress,Network Security,L1
RES00712,INC00712,210,734,Closed,Forensics,L1
RES00713,INC00713,56,1475,Contained,SOC Tier 1,L1
RES00714,INC00714,120,1184,Closed,Network Security,L1
RES00715,INC00715,35,1216,In Progress,SOC Tier 2,L2
RES00716,INC00716,69,878,In Progress,Forensics,L3
RES00717,INC00717,57,1207,Pending,Incident Response,L1
RES00718,INC00718,29,942,Contained,Network Security,L1
RES00719,INC00719,6,977,Contained,Network Security,L1
RES00720,INC00720,153,1363,In Progress,SOC Tier 2,L1
RES00721,INC00721,155,1571,Contained,Incident Response,L1
RES00722,INC00722,71,912,Pending,Network Security,L1
RES00723,INC00723,17,669,Contained,Network Security,L1
RES00724,INC00724,9,959,In Progress,SOC Tier 2,L1
RES00725,INC00725,44,1119,In Progress,Forensics,L1
RES00726,INC00726,130,1550,Pending,SOC Tier 1,L1
RES00727,INC00727,143,1158,Closed,SOC Tier 2,L1
RES00728,INC00728,78,1453,Closed,Forensics,L1
RES00729,INC00729,125,1187,Closed,Network Security,L2
RES00730,INC00730,33,1404,In Progress,Incident Response,L1
RES00731,INC00731,92,1181,Closed,Incident Response,L1
RES00732,INC00732,180,1457,Closed,Forensics,L1
RES00733,INC00733,106,404,Contained,SOC Tier 2,L2
RES00734,INC00734,50,1479,In Progress,SOC Tier 2,L1
RES00735,INC00735,114,636,Closed,Incident Response,L1
RES00736,INC00736,97,1251,Closed,Forensics,L1
RES00737,INC00737,5,588,Closed,Incident Response,L1
RES00738,INC00738,141,816,Closed,Network Security,L3
RES00739,INC00739,5,1089,Closed,Forensics,L1
RES00740,INC00740,5,797,Closed,Forensics,L1
RES00741,INC00741,5,1044,Pending,Incident Response,L2
RES00742,INC00742,148,289,In Progress,Incident Response,L1
RES00743,INC00743,170,1375,Closed,SOC Tier 1,L1
RES00744,INC00744,80,685,In Progress,SOC Tier 1,L2
RES00745,INC00745,104,1245,Contained,Incident Response,L1
RES00746,INC00746,6,438,Contained,Network Security,L1
RES00747,INC00747,32,902,In Progress,Forensics,L1
RES00748,INC00748,67,926,Pending,Incident Response,L1
RES00749,INC00749,75,302,Closed,Incident Response,L3
RES00750,INC00750,44,742,Contained,Forensics,L1
RES00751,INC00751,57,982,Closed,SOC Tier 2,L1
RES00752,INC00752,28,1236,Contained,SOC Tier 1,L3
RES00753,INC00753,5,1285,Closed,Forensics,L1
RES00754,INC00754,32,604,Closed,Incident Response,L3
RES00755,INC00755,38,974,Closed,SOC Tier 1,L1
RES00756,INC00756,36,312,Contained,SOC Tier 2,L1
RES00757,INC00757,10,1302,Pending,SOC Tier 2,L1
RES00758,INC00758,9,1262,Closed,SOC Tier 2,L1
RES00759,INC00759,31,1469,Closed,Incident Response,L2
RES00760,INC00760,7,722,Pending,Forensics,L1
RES00761,INC00761,15,551,Closed,Network Security,L3
RES00762,INC00762,41,1139,Closed,Forensics,L1
RES00763,INC00763,92,1141,In Progress,Forensics,L1
RES00764,INC00764,66,394,Closed,SOC Tier 2,L2
RES00765,INC00765,6,797,In Progress,SOC Tier 1,L3
RES00766,INC00766,19,956,Pending,SOC Tier 1,L2
RES00767,INC00767,125,796,Closed,Network Security,L3
RES00768,INC00768,34,587,Contained,SOC Tier 2,L2
RES00769,INC00769,12,380,Closed,Network Security,L1
RES00770,INC00770,211,821,Closed,Incident Response,L1
RES00771,INC00771,100,476,Closed,Forensics,L1
RES00772,INC00772,17,470,Contained,Incident Response,L1
RES00773,INC00773,49,339,Contained,Forensics,L1
RES00774,INC00774,56,616,Contained,SOC Tier 2,L1
RES00775,INC00775,54,974,Closed,Network Security,L1
RES00776,INC00776,55,617,Contained,Incident Response,L1
RES00777,INC00777,28,258,Closed,SOC Tier 1,L1
RES00778,INC00778,57,1216,Contained,SOC Tier 2,L1
RES00779,INC00779,115,753,In Progress,SOC Tier 2,L1
RES00780,INC00780,90,943,Closed,SOC Tier 1,L1
RES00781,INC00781,56,823,Closed,Forensics,L1
RES00782,INC00782,13,756,Contained,SOC Tier 2,L1
RES00783,INC00783,163,810,Closed,Incident Response,L1
RES00784,INC00784,137,1232,Contained,Incident Response,L2
RES00785,INC00785,9,1244,Closed,Incident Response,L3
RES00786,INC00786,97,1401,Contained,Network Security,L1
RES00787,INC00787,41,695,Closed,Forensics,L3
RES00788,INC00788,88,598,Pending,Forensics,L1
RES00789,INC00789,5,151,In Progress,Forensics,L2
RES00790,INC00790,20,674,Closed,Incident Response,L1
RES00791,INC00791,25,1454,Contained,Network Security,L2
RES00792,INC00792,18,414,Pending,SOC Tier 1,L1
RES00793,INC00793,5,1226,In Progress,Forensics,L1
RES00794,INC00794,101,1197,Contained,SOC Tier 1,L2
RES00795,INC00795,80,1040,Closed,SOC Tier 1,L2
RES00796,INC00796,31,858,Contained,Forensics,L1
RES00797,INC00797,5,1101,Closed,Network Security,L1
RES00798,INC00798,172,340,Closed,SOC Tier 1,L1
RES00799,INC00799,20,230,Contained,Forensics,L1
RES00800,INC00800,82,387,Closed,SOC Tier 1,L1
RES00801,INC00801,124,1233,In Progress,SOC Tier 1,L3
RES00802,INC00802,57,696,Contained,Forensics,L1
RES00803,INC00803,113,435,In Progress,SOC Tier 2,L1
RES00804,INC00804,74,167,Pending,SOC Tier 2,L2
RES00805,INC00805,141,860,Pending,Network Security,L1
RES00806,INC00806,87,679,In Progress,Network Security,L1
RES00807,INC00807,336,616,Closed,Incident Response,L2
RES00808,INC00808,64,126,Closed,Forensics,L3
RES00809,INC00809,21,1113,Closed,SOC Tier 1,L2
RES00810,INC00810,12,1140,Closed,Forensics,L3
RES00811,INC00811,141,517,Closed,SOC Tier 2,L3
RES00812,INC00812,92,818,In Progress,Network Security,L1
RES00813,INC00813,13,400,Closed,SOC Tier 2,L3
RES00814,INC00814,25,631,Contained,SOC Tier 2,L1
RES00815,INC00815,55,239,Closed,SOC Tier 2,L1
RES00816,INC00816,16,1380,Closed,Incident Response,L1
RES00817,INC00817,69,1115,In Progress,Forensics,L1
RES00818,INC00818,28,1328,Closed,SOC Tier 1,L2
RES00819,INC00819,38,485,Closed,Network Security,L2
RES00820,INC00820,8,1268,Closed,Forensics,L3
RES00821,INC00821,54,814,In Progress,Network Security,L1
RES00822,INC00822,45,354,Closed,Forensics,L1
RES00823,INC00823,113,611,Closed,SOC Tier 1,L1
RES00824,INC00824,14,1188,Contained,SOC Tier 2,L1
RES00825,INC00825,57,1179,Contained,Incident Response,L1
RES00826,INC00826,11,1056,In Progress,Incident Response,L2
RES00827,INC00827,82,431,Closed,SOC Tier 2,L1
RES00828,INC00828,5,948,In Progress,SOC Tier 2,L3
RES00829,INC00829,147,1503,In Progress,Forensics,L1
RES00830,INC00830,102,200,Contained,SOC Tier 2,L1
RES00831,INC00831,66,549,Closed,Forensics,L3
RES00832,INC00832,5,148,Closed,SOC Tier 1,L1
RES00833,INC00833,26,202,Pending,Incident Response,L1
RES00834,INC00834,19,1455,In Progress,Network Security,L2
RES00835,INC00835,38,406,Closed,Forensics,L1
RES00836,INC00836,27,309,Contained,Network Security,L1
RES00837,INC00837,62,196,Pending,SOC Tier 1,L2
RES00838,INC00838,97,1510,Closed,Network Security,L3
RES00839,INC00839,51,741,In Progress,SOC Tier 2,L3
RES00840,INC00840,87,1232,Contained,Forensics,L2
RES00841,INC00841,58,440,In Progress,Network Security,L1
RES00842,INC00842,33,966,Closed,SOC Tier 1,L1
RES00843,INC00843,15,1294,Closed,SOC Tier 2,L1
RES00844,INC00844,16,992,Contained,Forensics,L1
RES00845,INC00845,20,779,Closed,Forensics,L1
RES00846,INC00846,49,375,Closed,Network Security,L1
RES00847,INC00847,32,391,Closed,SOC Tier 2,L1
RES00848,INC00848,117,988,Contained,SOC Tier 2,L2
RES00849,INC00849,111,777,Contained,Network Security,L3
RES00850,INC00850,159,254,Closed,Incident Response,L1
RES00851,INC00851,43,349,Pending,SOC Tier 2,L1
RES00852,INC00852,39,678,Pending,SOC Tier 2,L1
RES00853,INC00853,63,345,In Progress,SOC Tier 1,L3
RES00854,INC00854,251,1062,Closed,Incident Response,L1
RES00855,INC00855,19,472,In Progress,Incident Response,L3
RES00856,INC00856,47,488,Contained,Incident Response,L1
RES00857,INC00857,5,187,Closed,Forensics,L1
RES00858,INC00858,209,948,In Progress,Network Security,L1
RES00859,INC00859,44,339,Contained,Incident Response,L1
RES00860,INC00860,7,925,Contained,SOC Tier 2,L3
RES00861,INC00861,31,1383,In Progress,Network Security,L1
RES00862,INC00862,50,1366,Closed,Forensics,L1
RES00863,INC00863,18,988,In Progress,SOC Tier 1,L1
RES00864,INC00864,19,1187,Closed,SOC Tier 2,L3
RES00865,INC00865,13,1341,Contained,SOC Tier 1,L3
RES00866,INC00866,31,1022,In Progress,SOC Tier 2,L1
RES00867,INC00867,66,458,In Progress,SOC Tier 1,L1
RES00868,INC00868,270,1006,Contained,Incident Response,L1
RES00869,INC00869,53,1291,Contained,Forensics,L1
RES00870,INC00870,9,980,In Progress,Forensics,L1
RES00871,INC00871,48,588,Closed,SOC Tier 2,L1
RES00872,INC00872,174,441,Contained,Network Security,L2
RES00873,INC00873,9,242,Closed,SOC Tier 2,L1
RES00874,INC00874,15,576,In Progress,SOC Tier 2,L1
RES00875,INC00875,49,1213,In Progress,Network Security,L3
RES00876,INC00876,270,1079,Closed,Network Security,L2
RES00877,INC00877,54,168,In Progress,Incident Response,L1
RES00878,INC00878,50,1374,In Progress,SOC Tier 1,L3
RES00879,INC00879,77,677,In Progress,Incident Response,L1
RES00880,INC00880,35,615,Pending,SOC Tier 2,L3
RES00881,INC00881,15,1200,Closed,SOC Tier 1,L2
RES00882,INC00882,6,567,Contained,SOC Tier 1,L3
RES00883,INC00883,133,1033,Closed,Incident Response,L1
RES00884,INC00884,18,1346,In Progress,SOC Tier 1,L1
RES00885,INC00885,33,793,Contained,Network Security,L1
RES00886,INC00886,48,943,Contained,SOC Tier 1,L3
RES00887,INC00887,9,537,Contained,SOC Tier 2,L1
RES00888,INC00888,18,1303,Closed,Forensics,L1
RES00889,INC00889,61,196,Closed,Network Security,L1
RES00890,INC00890,28,447,Pending,Incident Response,L1
RES00891,INC00891,156,1583,Contained,SOC Tier 1,L1
RES00892,INC00892,42,754,Closed,SOC Tier 1,L1
RES00893,INC00893,6,282,Pending,Forensics,L1
RES00894,INC00894,316,929,Closed,Network Security,L1
RES00895,INC00895,129,518,In Progress,Forensics,L2
RES00896,INC00896,98,868,Contained,Forensics,L1
RES00897,INC00897,129,491,Contained,SOC Tier 1,L1
RES00898,INC00898,19,612,Contained,Forensics,L2
RES00899,INC00899,36,1346,Closed,Incident Response,L1
RES00900,INC00900,51,197,Closed,Network Security,L1
RES00901,INC00901,60,1166,Closed,Incident Response,L2
RES00902,INC00902,25,165,Closed,Network Security,L1
RES00903,INC00903,71,745,Contained,Forensics,L2
RES00904,INC00904,28,1000,Contained,Forensics,L1
RES00905,INC00905,23,1400,Contained,Incident Response,L1
RES00906,INC00906,15,397,Closed,SOC Tier 2,L2
RES00907,INC00907,5,109,In Progress,Network Security,L1
RES00908,INC00908,5,1093,Closed,Incident Response,L1
RES00909,INC00909,32,1322,Closed,SOC Tier 2,L3
RES00910,INC00910,103,929,Closed,Network Security,L1
RES00911,INC00911,25,140,Contained,SOC Tier 1,L3
RES00912,INC00912,20,755,Closed,Incident Response,L1
RES00913,INC00913,20,601,Closed,Network Security,L2
RES00914,INC00914,25,691,Closed,Forensics,L3
RES00915,INC00915,158,264,In Progress,Network Security,L1
RES00916,INC00916,28,505,Closed,Forensics,L3
RES00917,INC00917,117,1555,Contained,Forensics,L1
RES00918,INC00918,19,113,Closed,SOC Tier 2,L1
RES00919,INC00919,109,1428,Closed,Forensics,L1
RES00920,INC00920,291,1050,In Progress,SOC Tier 2,L2
RES00921,INC00921,35,889,Closed,Network Security,L1
RES00922,INC00922,41,1387,Contained,SOC Tier 2,L1
RES00923,INC00923,92,429,Closed,Incident Response,L1
RES00924,INC00924,63,1481,Closed,Network Security,L1
RES00925,INC00925,80,500,Closed,Forensics,L1
RES00926,INC00926,209,731,Closed,Forensics,L1
RES00927,INC00927,81,744,In Progress,Forensics,L1
RES00928,INC00928,23,901,In Progress,Incident Response,L1
RES00929,INC00929,314,799,Closed,Forensics,L1
RES00930,INC00930,93,1241,In Progress,SOC Tier 1,L1
RES00931,INC00931,76,136,In Progress,Forensics,L1
RES00932,INC00932,201,1170,In Progress,SOC Tier 2,L1
RES00933,INC00933,76,1031,Contained,Incident Response,L1
RES00934,INC00934,82,865,Closed,Forensics,L1
RES00935,INC00935,31,925,In Progress,Network Security,L3
RES00936,INC00936,20,1104,Contained,Forensics,L2
RES00937,INC00937,19,1324,Closed,Network Security,L1
RES00938,INC00938,16,353,Closed,Network Security,L1
RES00939,INC00939,32,734,In Progress,SOC Tier 1,L1
RES00940,INC00940,28,850,Closed,Forensics,L1
RES00941,INC00941,36,552,In Progress,Network Security,L1
RES00942,INC00942,34,1437,Closed,Network Security,L1
RES00943,INC00943,11,762,Pending,Incident Response,L1
RES00944,INC00944,11,876,Contained,Forensics,L2
RES00945,INC00945,16,320,In Progress,Incident Response,L1
RES00946,INC00946,35,651,Closed,SOC Tier 1,L3
RES00947,INC00947,85,997,Pending,SOC Tier 1,L1
RES00948,INC00948,25,658,Contained,Network Security,L1
RES00949,INC00949,12,1127,Closed,Network Security,L1
RES00950,INC00950,37,259,Pending,SOC Tier 2,L1
RES00951,INC00951,325,571,Closed,Network Security,L1
RES00952,INC00952,52,559,Contained,Forensics,L3
RES00953,INC00953,55,533,In Progress,Incident Response,L3
RES00954,INC00954,41,1220,In Progress,Forensics,L1
RES00955,INC00955,30,1283,Contained,SOC Tier 1,L1
RES00956,INC00956,76,771,In Progress,Incident Response,L1
RES00957,INC00957,5,747,Contained,Incident Response,L3
RES00958,INC00958,58,503,Closed,SOC Tier 2,L1
RES00959,INC00959,48,827,Contained,SOC Tier 1,L1
RES00960,INC00960,59,1085,Contained,Incident Response,L1
RES00961,INC00961,7,1055,Closed,SOC Tier 2,L2
RES00962,INC00962,87,1483,Contained,SOC Tier 2,L1
RES00963,INC00963,25,869,Closed,SOC Tier 2,L3
RES00964,INC00964,10,519,Closed,Incident Response,L1
RES00965,INC00965,42,170,In Progress,Forensics,L2
RES00966,INC00966,38,1037,Closed,Incident Response,L1
RES00967,INC00967,112,1275,Closed,Incident Response,L1
RES00968,INC00968,52,860,Contained,SOC Tier 2,L2
RES00969,INC00969,36,1367,Closed,Incident Response,L1
RES00970,INC00970,142,618,Contained,SOC Tier 2,L1
RES00971,INC00971,124,229,Closed,Forensics,L1
RES00972,INC00972,33,955,Contained,Incident Response,L1
RES00973,INC00973,33,233,Pending,Incident Response,L3
RES00974,INC00974,38,186,Closed,SOC Tier 1,L1
RES00975,INC00975,64,1083,In Progress,Forensics,L1
RES00976,INC00976,99,741,Closed,Incident Response,L1
RES00977,INC00977,64,946,Closed,SOC Tier 1,L1
RES00978,INC00978,5,1089,Closed,SOC Tier 1,L1
RES00979,INC00979,35,604,Closed,SOC Tier 2,L2
RES00980,INC00980,108,999,Closed,Network Security,L1
RES00981,INC00981,50,840,Closed,SOC Tier 1,L1
RES00982,INC00982,75,922,Closed,SOC Tier 1,L1
RES00983,INC00983,155,1176,Contained,Incident Response,L1
RES00984,INC00984,131,697,Closed,Incident Response,L2
RES00985,INC00985,9,750,In Progress,Forensics,L3
RES00986,INC00986,100,963,Pending,Network Security,L1
RES00987,INC00987,29,256,In Progress,Network Security,L1
RES00988,INC00988,30,358,Contained,SOC Tier 2,L1
RES00989,INC00989,52,208,In Progress,Network Security,L1
RES00990,INC00990,26,335,Contained,Incident Response,L1
RES00991,INC00991,82,730,Closed,SOC Tier 2,L1
RES00992,INC00992,81,1433,Closed,SOC Tier 2,L2
RES00993,INC00993,93,1424,Closed,Forensics,L1
RES00994,INC00994,62,1167,Closed,Incident Response,L1
RES00995,INC00995,14,830,Closed,Incident Response,L3
RES00996,INC00996,51,366,Closed,Network Security,L2
RES00997,INC00997,23,558,In Progress,SOC Tier 2,L3
RES00998,INC00998,159,1269,Closed,SOC Tier 2,L2
RES00999,INC00999,89,1400,In Progress,Forensics,L1
RES01000,INC01000,29,1416,In Progress,Forensics,L3
RES01001,INC01001,25,602,Contained,Incident Response,L1
RES01002,INC01002,133,849,Closed,Forensics,L3
RES01003,INC01003,76,823,Closed,SOC Tier 2,L2
RES01004,INC01004,12,121,Pending,Network Security,L2
RES01005,INC01005,19,213,Closed,SOC Tier 1,L2
RES01006,INC01006,187,280,In Progress,Network Security,L1
RES01007,INC01007,5,1074,Contained,SOC Tier 1,L3
RES01008,INC01008,28,374,Contained,SOC Tier 2,L3
RES01009,INC01009,43,1060,Contained,Forensics,L3
RES01010,INC01010,10,569,Closed,SOC Tier 2,L1
RES01011,INC01011,33,1182,Pending,Incident Response,L1
RES01012,INC01012,30,222,In Progress,Forensics,L1
RES01013,INC01013,15,503,Pending,Forensics,L1
RES01014,INC01014,154,472,Closed,Incident Response,L1
RES01015,INC01015,108,752,Closed,SOC Tier 1,L1
RES01016,INC01016,65,887,Closed,SOC Tier 2,L1
RES01017,INC01017,30,297,Closed,Network Security,L1
RES01018,INC01018,245,1215,Closed,SOC Tier 2,L3
RES01019,INC01019,40,1429,In Progress,Network Security,L1
RES01020,INC01020,35,126,Pending,Forensics,L1
RES01021,INC01021,67,218,Contained,Network Security,L1
RES01022,INC01022,54,1426,In Progress,Network Security,L1
RES01023,INC01023,42,987,Contained,Incident Response,L1
RES01024,INC01024,20,1346,Contained,SOC Tier 1,L3
RES01025,INC01025,35,1059,Contained,Incident Response,L1
RES01026,INC01026,30,1071,Contained,Forensics,L1
RES01027,INC01027,105,357,Contained,Network Security,L1
RES01028,INC01028,58,809,In Progress,Network Security,L1
RES01029,INC01029,49,594,Closed,Forensics,L1
RES01030,INC01030,52,1257,Closed,SOC Tier 2,L1
RES01031,INC01031,59,149,Pending,SOC Tier 2,L1
RES01032,INC01032,11,66,In Progress,Forensics,L2
RES01033,INC01033,68,882,In Progress,Incident Response,L1
RES01034,INC01034,135,1533,Pending,Network Security,L1
RES01035,INC01035,32,1464,Pending,Network Security,L1
RES01036,INC01036,21,887,In Progress,SOC Tier 1,L2
RES01037,INC01037,69,705,Closed,SOC Tier 2,L1
RES01038,INC01038,328,742,Closed,SOC Tier 2,L1
RES01039,INC01039,22,1447,Closed,SOC Tier 1,L1
RES01040,INC01040,10,298,Closed,Network Security,L3
RES01041,INC01041,64,271,Closed,Forensics,L1
RES01042,INC01042,143,889,Closed,Forensics,L3
RES01043,INC01043,71,654,Closed,SOC Tier 1,L1
RES01044,INC01044,14,743,Closed,Incident Response,L1
RES01045,INC01045,397,1698,Closed,SOC Tier 2,L1
RES01046,INC01046,80,490,Closed,SOC Tier 1,L1
RES01047,INC01047,5,1271,Closed,Network Security,L1
RES01048,INC01048,75,403,In Progress,Forensics,L1
RES01049,INC01049,220,706,In Progress,SOC Tier 1,L2
RES01050,INC01050,25,61,Contained,Network Security,L2
RES01051,INC01051,98,1084,In Progress,SOC Tier 1,L1
RES01052,INC01052,52,1292,In Progress,Forensics,L1
RES01053,INC01053,70,1349,Pending,SOC Tier 1,L1
RES01054,INC01054,8,274,Contained,Incident Response,L1
RES01055,INC01055,30,1141,Closed,SOC Tier 1,L1
RES01056,INC01056,12,241,Contained,Incident Response,L1
RES01057,INC01057,40,956,In Progress,Incident Response,L1
RES01058,INC01058,34,1054,Contained,Incident Response,L2
RES01059,INC01059,43,288,Contained,Forensics,L3
RES01060,INC01060,63,248,Closed,Forensics,L2
RES01061,INC01061,34,166,Closed,SOC Tier 2,L1
RES01062,INC01062,11,1039,Pending,Forensics,L1
RES01063,INC01063,5,901,Contained,Incident Response,L1
RES01064,INC01064,102,300,Pending,SOC Tier 1,L2
RES01065,INC01065,42,777,Closed,Network Security,L1
RES01066,INC01066,14,1166,Closed,Network Security,L2
RES01067,INC01067,60,425,Closed,SOC Tier 2,L1
RES01068,INC01068,26,909,In Progress,Incident Response,L3
RES01069,INC01069,136,578,Closed,Incident Response,L1
RES01070,INC01070,235,633,Closed,SOC Tier 1,L3
RES01071,INC01071,17,599,Closed,SOC Tier 2,L1
RES01072,INC01072,33,559,In Progress,Incident Response,L1
RES01073,INC01073,28,756,Contained,SOC Tier 2,L1
RES01074,INC01074,59,378,In Progress,Forensics,L2
RES01075,INC01075,34,614,Pending,SOC Tier 2,L1
RES01076,INC01076,57,964,Closed,Network Security,L1
RES01077,INC01077,194,770,Contained,SOC Tier 1,L1
RES01078,INC01078,37,992,In Progress,SOC Tier 2,L1
RES01079,INC01079,20,213,Closed,Forensics,L1
RES01080,INC01080,55,279,Contained,Forensics,L1
RES01081,INC01081,32,1282,Closed,Forensics,L1
RES01082,INC01082,76,757,Closed,SOC Tier 1,L1
RES01083,INC01083,52,940,Closed,Forensics,L2
RES01084,INC01084,136,1209,Closed,SOC Tier 2,L1
RES01085,INC01085,175,411,In Progress,SOC Tier 1,L3
RES01086,INC01086,27,1427,Pending,SOC Tier 1,L1
RES01087,INC01087,15,642,Closed,Network Security,L1
RES01088,INC01088,145,1429,In Progress,Incident Response,L2
RES01089,INC01089,146,763,Contained,Incident Response,L1
RES01090,INC01090,11,612,Closed,Forensics,L1
RES01091,INC01091,11,887,In Progress,SOC Tier 1,L2
RES01092,INC01092,82,381,In Progress,SOC Tier 1,L3
RES01093,INC01093,34,922,Contained,Forensics,L1
RES01094,INC01094,28,1444,Contained,Network Security,L1
RES01095,INC01095,41,980,Closed,Network Security,L1
RES01096,INC01096,292,420,Pending,Incident Response,L1
RES01097,INC01097,51,1065,Contained,SOC Tier 1,L2
RES01098,INC01098,23,100,In Progress,Incident Response,L3
RES01099,INC01099,25,200,Closed,Forensics,L1
RES01100,INC01100,90,521,In Progress,SOC Tier 1,L1
RES01101,INC01101,430,889,In Progress,SOC Tier 1,L1
RES01102,INC01102,96,131,Closed,SOC Tier 2,L1
RES01103,INC01103,22,76,In Progress,Incident Response,L1
RES01104,INC01104,60,1202,Closed,Network Security,L1
RES01105,INC01105,77,748,In Progress,SOC Tier 1,L2
RES01106,INC01106,156,467,In Progress,Forensics,L1
RES01107,INC01107,24,659,Contained,SOC Tier 1,L2
RES01108,INC01108,54,1061,Closed,SOC Tier 2,L1
RES01109,INC01109,8,1073,Contained,Forensics,L1
RES01110,INC01110,123,559,In Progress,SOC Tier 2,L1
RES01111,INC01111,22,287,Closed,Incident Response,L1
RES01112,INC01112,75,1457,Contained,Incident Response,L1
RES01113,INC01113,88,1008,Closed,SOC Tier 2,L1
RES01114,INC01114,52,1467,Closed,Incident Response,L1
RES01115,INC01115,24,486,Contained,Network Security,L3
RES01116,INC01116,18,204,Contained,SOC Tier 1,L1
RES01117,INC01117,143,711,Contained,Forensics,L1
RES01118,INC01118,113,605,Closed,SOC Tier 1,L3
RES01119,INC01119,42,1086,Contained,Forensics,L1
RES01120,INC01120,82,1121,In Progress,Forensics,L3
RES01121,INC01121,17,147,Closed,Forensics,L2
RES01122,INC01122,48,906,Closed,Network Security,L1
RES01123,INC01123,45,558,Contained,Forensics,L1
RES01124,INC01124,15,911,Contained,Forensics,L1
RES01125,INC01125,56,637,Closed,Network Security,L2
RES01126,INC01126,76,863,Closed,Forensics,L2
RES01127,INC01127,15,1054,Contained,SOC Tier 2,L3
RES01128,INC01128,16,459,Contained,Forensics,L2
RES01129,INC01129,19,329,Contained,Forensics,L1
RES01130,INC01130,46,1071,Contained,Network Security,L1
RES01131,INC01131,51,1416,In Progress,SOC Tier 1,L1
RES01132,INC01132,221,877,Closed,SOC Tier 2,L1
RES01133,INC01133,77,1513,In Progress,SOC Tier 1,L1
RES01134,INC01134,23,313,Contained,Incident Response,L3
RES01135,INC01135,36,1220,Closed,Incident Response,L3
RES01136,INC01136,33,1456,Contained,Forensics,L1
RES01137,INC01137,13,465,Contained,SOC Tier 2,L1
RES01138,INC01138,137,375,Closed,SOC Tier 1,L1
RES01139,INC01139,28,994,In Progress,Network Security,L1
RES01140,INC01140,5,1260,Closed,SOC Tier 1,L1
RES01141,INC01141,88,235,Pending,Forensics,L2
RES01142,INC01142,15,948,Contained,SOC Tier 1,L2
RES01143,INC01143,57,1315,Closed,Incident Response,L2
RES01144,INC01144,42,117,Contained,Forensics,L1
RES01145,INC01145,281,1038,Closed,Incident Response,L1
RES01146,INC01146,8,146,In Progress,Forensics,L1
RES01147,INC01147,51,329,Closed,Incident Response,L2
RES01148,INC01148,6,721,In Progress,Network Security,L1
RES01149,INC01149,39,530,Closed,Network Security,L1
RES01150,INC01150,21,171,Closed,Incident Response,L1
RES01151,INC01151,21,1180,Contained,SOC Tier 1,L1
RES01152,INC01152,52,368,Pending,Forensics,L3
RES01153,INC01153,79,1336,Contained,SOC Tier 1,L3
RES01154,INC01154,44,323,Closed,SOC Tier 2,L1
RES01155,INC01155,62,824,In Progress,Network Security,L1
RES01156,INC01156,33,1088,Closed,Network Security,L1
RES01157,INC01157,23,730,Pending,Incident Response,L1
RES01158,INC01158,14,632,In Progress,Incident Response,L1
RES01159,INC01159,163,1251,Closed,Incident Response,L1
RES01160,INC01160,54,100,In Progress,Forensics,L2
RES01161,INC01161,21,1215,In Progress,SOC Tier 2,L3
RES01162,INC01162,103,1105,Closed,Forensics,L1
RES01163,INC01163,10,1118,Closed,SOC Tier 1,L1
RES01164,INC01164,245,868,Pending,Network Security,L3
RES01165,INC01165,5,577,In Progress,Network Security,L3
RES01166,INC01166,33,869,Contained,Network Security,L3
RES01167,INC01167,6,941,Closed,Incident Response,L3
RES01168,INC01168,135,1469,Contained,Network Security,L3
RES01169,INC01169,94,1332,Closed,Incident Response,L2
RES01170,INC01170,55,160,Closed,Incident Response,L1
RES01171,INC01171,118,361,Closed,Forensics,L1
RES01172,INC01172,7,1371,Contained,Network Security,L1
RES01173,INC01173,211,788,In Progress,Network Security,L1
RES01174,INC01174,45,893,In Progress,Forensics,L2
RES01175,INC01175,32,141,In Progress,SOC Tier 2,L1
RES01176,INC01176,46,223,Contained,Incident Response,L1
RES01177,INC01177,48,654,Closed,Network Security,L1
RES01178,INC01178,123,1164,Contained,Network Security,L2
RES01179,INC01179,5,1123,In Progress,SOC Tier 1,L1
RES01180,INC01180,86,1377,Contained,Network Security,L1
RES01181,INC01181,67,374,Closed,SOC Tier 1,L1
RES01182,INC01182,98,412,In Progress,Incident Response,L2
RES01183,INC01183,168,962,Closed,Network Security,L1
RES01184,INC01184,20,821,Closed,SOC Tier 2,L1
RES01185,INC01185,226,307,Contained,SOC Tier 1,L1
RES01186,INC01186,41,701,Closed,Network Security,L2
RES01187,INC01187,34,1329,Contained,SOC Tier 2,L1
RES01188,INC01188,53,314,In Progress,Forensics,L1
RES01189,INC01189,37,1223,Contained,Forensics,L3
RES01190,INC01190,20,680,In Progress,SOC Tier 2,L1
RES01191,INC01191,31,800,Closed,Network Security,L1
RES01192,INC01192,18,952,Closed,SOC Tier 2,L1
RES01193,INC01193,73,1098,Contained,Forensics,L3
RES01194,INC01194,86,1014,Closed,SOC Tier 2,L1
RES01195,INC01195,12,188,In Progress,Forensics,L1
RES01196,INC01196,67,513,In Progress,Network Security,L2
RES01197,INC01197,74,1295,Closed,SOC Tier 2,L2
RES01198,INC01198,5,91,In Progress,Forensics,L3
RES01199,INC01199,5,1043,Closed,Network Security,L2
RES01200,INC01200,154,917,In Progress,Network Security,L1
RES01201,INC01201,28,227,Closed,SOC Tier 2,L1
RES01202,INC01202,65,268,Contained,SOC Tier 2,L2
RES01203,INC01203,98,1510,Contained,Network Security,L1
RES01204,INC01204,113,186,Closed,SOC Tier 1,L3
RES01205,INC01205,22,83,Contained,SOC Tier 2,L1
RES01206,INC01206,27,80,In Progress,SOC Tier 1,L1
RES01207,INC01207,144,1060,Closed,SOC Tier 1,L1
RES01208,INC01208,5,1341,Contained,SOC Tier 1,L1
RES01209,INC01209,99,371,In Progress,SOC Tier 1,L1
RES01210,INC01210,134,1286,Contained,Forensics,L2
RES01211,INC01211,134,1178,Closed,Network Security,L2
RES01212,INC01212,57,410,Closed,Forensics,L1
RES01213,INC01213,55,184,Closed,SOC Tier 1,L3
RES01214,INC01214,7,724,Closed,Forensics,L1
RES01215,INC01215,66,210,In Progress,Incident Response,L2
RES01216,INC01216,23,213,In Progress,Network Security,L1
RES01217,INC01217,58,745,In Progress,Forensics,L1
RES01218,INC01218,43,1223,Closed,SOC Tier 2,L1
RES01219,INC01219,24,1455,In Progress,Network Security,L1
RES01220,INC01220,15,930,Closed,Network Security,L2
RES01221,INC01221,153,572,Closed,Incident Response,L2
RES01222,INC01222,16,508,Closed,Incident Response,L1
RES01223,INC01223,9,902,Pending,SOC Tier 2,L1
RES01224,INC01224,22,296,In Progress,SOC Tier 1,L1
RES01225,INC01225,101,862,Closed,Forensics,L1
RES01226,INC01226,187,1301,Closed,Network Security,L1
RES01227,INC01227,17,1234,Contained,Incident Response,L3
RES01228,INC01228,19,132,Closed,Network Security,L3
RES01229,INC01229,27,463,Closed,Incident Response,L1
RES01230,INC01230,16,405,In Progress,SOC Tier 2,L1
RES01231,INC01231,12,824,Closed,Forensics,L1
RES01232,INC01232,23,314,In Progress,Forensics,L1
RES01233,INC01233,35,1405,Closed,SOC Tier 2,L1
RES01234,INC01234,18,1341,In Progress,Forensics,L1
RES01235,INC01235,41,539,In Progress,Incident Response,L3
RES01236,INC01236,33,637,In Progress,Network Security,L1
RES01237,INC01237,45,694,Closed,SOC Tier 1,L1
RES01238,INC01238,221,311,Closed,Incident Response,L1
RES01239,INC01239,22,1305,Contained,SOC Tier 1,L2
RES01240,INC01240,109,1237,Contained,Forensics,L1
RES01241,INC01241,37,535,In Progress,SOC Tier 2,L1
RES01242,INC01242,127,928,In Progress,SOC Tier 2,L2
RES01243,INC01243,11,577,Closed,Network Security,L2
RES01244,INC01244,32,383,Pending,Forensics,L2
RES01245,INC01245,96,554,Closed,SOC Tier 2,L1
RES01246,INC01246,7,187,Closed,Network Security,L1
RES01247,INC01247,5,1176,In Progress,Network Security,L3
RES01248,INC01248,214,1167,Contained,Incident Response,L1
RES01249,INC01249,18,1359,Closed,Forensics,L1
RES01250,INC01250,20,59,Closed,SOC Tier 1,L1
RES01251,INC01251,39,958,Closed,Forensics,L1
RES01252,INC01252,21,841,Pending,Incident Response,L1
RES01253,INC01253,29,938,Pending,SOC Tier 1,L1
RES01254,INC01254,143,1568,Closed,Forensics,L3
RES01255,INC01255,42,621,Contained,Network Security,L1
RES01256,INC01256,73,301,Closed,Forensics,L1
RES01257,INC01257,20,67,Closed,SOC Tier 1,L1
RES01258,INC01258,28,751,Contained,Network Security,L1
RES01259,INC01259,19,294,In Progress,Network Security,L1
RES01260,INC01260,42,270,Contained,Forensics,L1
RES01261,INC01261,63,300,Closed,SOC Tier 2,L2
RES01262,INC01262,14,434,Contained,Forensics,L1
RES01263,INC01263,6,199,Pending,Network Security,L2
RES01264,INC01264,48,763,Closed,SOC Tier 2,L2
RES01265,INC01265,58,1010,Closed,SOC Tier 2,L2
RES01266,INC01266,110,547,Closed,Forensics,L2
RES01267,INC01267,41,263,Closed,Network Security,L1
RES01268,INC01268,71,908,Contained,SOC Tier 1,L1
RES01269,INC01269,14,164,Closed,SOC Tier 1,L1
RES01270,INC01270,47,1117,Closed,Forensics,L3
RES01271,INC01271,55,624,Contained,SOC Tier 1,L1
RES01272,INC01272,60,668,Contained,SOC Tier 2,L1
RES01273,INC01273,91,472,In Progress,Network Security,L1
RES01274,INC01274,26,454,Closed,Forensics,L1
RES01275,INC01275,309,544,Closed,SOC Tier 2,L1
RES01276,INC01276,9,825,Contained,Network Security,L3
RES01277,INC01277,27,263,Closed,Network Security,L1
RES01278,INC01278,78,1067,Contained,Network Security,L1
RES01279,INC01279,77,468,Closed,Network Security,L2
RES01280,INC01280,63,890,Closed,SOC Tier 2,L1
RES01281,INC01281,5,791,Contained,Network Security,L1
RES01282,INC01282,73,996,Pending,SOC Tier 1,L1
RES01283,INC01283,80,1178,Closed,Network Security,L1
RES01284,INC01284,22,842,Closed,Network Security,L1
RES01285,INC01285,19,1251,In Progress,Network Security,L1
RES01286,INC01286,149,544,Closed,SOC Tier 1,L1
RES01287,INC01287,14,1103,Contained,Forensics,L1
RES01288,INC01288,5,518,Contained,Incident Response,L1
RES01289,INC01289,9,924,Closed,SOC Tier 1,L3
RES01290,INC01290,19,742,Contained,Incident Response,L1
RES01291,INC01291,68,1377,Closed,Incident Response,L1
RES01292,INC01292,50,462,Closed,Incident Response,L1
RES01293,INC01293,326,1088,Pending,Network Security,L1
RES01294,INC01294,6,267,Contained,Incident Response,L1
RES01295,INC01295,103,1026,In Progress,SOC Tier 2,L1
RES01296,INC01296,17,99,In Progress,Network Security,L2
RES01297,INC01297,31,641,Closed,SOC Tier 2,L3
RES01298,INC01298,12,55,Pending,SOC Tier 1,L1
RES01299,INC01299,94,585,Closed,SOC Tier 2,L1
RES01300,INC01300,61,773,Contained,Forensics,L3
RES01301,INC01301,146,643,Contained,Incident Response,L2
RES01302,INC01302,35,609,Closed,SOC Tier 2,L3
RES01303,INC01303,30,269,Contained,SOC Tier 2,L1
RES01304,INC01304,60,1097,Closed,Forensics,L1
RES01305,INC01305,124,1277,Closed,Network Security,L1
RES01306,INC01306,38,709,Closed,Network Security,L2
RES01307,INC01307,33,141,In Progress,Network Security,L2
RES01308,INC01308,18,135,In Progress,Forensics,L3
RES01309,INC01309,5,986,Closed,Network Security,L1
RES01310,INC01310,49,1388,Pending,Incident Response,L2
RES01311,INC01311,176,1424,Closed,SOC Tier 2,L1
RES01312,INC01312,22,623,Closed,SOC Tier 1,L1
RES01313,INC01313,152,883,Closed,Network Security,L1
RES01314,INC01314,32,291,Closed,Forensics,L1
RES01315,INC01315,46,174,Closed,Network Security,L2
RES01316,INC01316,28,1137,Pending,Incident Response,L3
RES01317,INC01317,59,693,Closed,SOC Tier 1,L1
RES01318,INC01318,83,813,Closed,Network Security,L1
RES01319,INC01319,76,589,Contained,SOC Tier 2,L1
RES01320,INC01320,63,534,Closed,Network Security,L1
RES01321,INC01321,16,1435,Contained,SOC Tier 2,L1
RES01322,INC01322,19,1199,In Progress,Forensics,L3
RES01323,INC01323,25,1029,Closed,Forensics,L1
RES01324,INC01324,230,808,Closed,SOC Tier 2,L3
RES01325,INC01325,466,1513,In Progress,SOC Tier 2,L2
RES01326,INC01326,49,557,Closed,Forensics,L2
RES01327,INC01327,232,989,In Progress,SOC Tier 1,L1
RES01328,INC01328,16,250,Pending,Incident Response,L1
RES01329,INC01329,71,1101,In Progress,SOC Tier 1,L3
RES01330,INC01330,55,170,Closed,Incident Response,L3
RES01331,INC01331,144,1192,In Progress,SOC Tier 1,L1
RES01332,INC01332,106,987,In Progress,SOC Tier 1,L1
RES01333,INC01333,69,192,Closed,Incident Response,L3
RES01334,INC01334,18,761,Contained,SOC Tier 1,L1
RES01335,INC01335,32,375,In Progress,Network Security,L1
RES01336,INC01336,107,808,In Progress,Incident Response,L1
RES01337,INC01337,121,169,Closed,Incident Response,L1
RES01338,INC01338,15,1062,Closed,Incident Response,L3
RES01339,INC01339,127,875,Closed,Forensics,L3
RES01340,INC01340,7,547,In Progress,Forensics,L1
RES01341,INC01341,100,1364,Contained,SOC Tier 1,L2
RES01342,INC01342,76,1015,Closed,Network Security,L1
RES01343,INC01343,39,928,In Progress,Incident Response,L3
RES01344,INC01344,38,275,In Progress,Network Security,L1
RES01345,INC01345,60,795,Contained,Network Security,L1
RES01346,INC01346,16,1033,Contained,Network Security,L1
RES01347,INC01347,53,1388,In Progress,Network Security,L1
RES01348,INC01348,116,997,Closed,SOC Tier 2,L1
RES01349,INC01349,28,300,Contained,Forensics,L2
RES01350,INC01350,205,1190,Closed,Network Security,L1
RES01351,INC01351,164,299,In Progress,SOC Tier 2,L3
RES01352,INC01352,171,642,Closed,SOC Tier 2,L1
RES01353,INC01353,133,1456,Closed,Incident Response,L1
RES01354,INC01354,108,1268,Closed,SOC Tier 2,L2
RES01355,INC01355,39,1341,Contained,Network Security,L3
RES01356,INC01356,61,587,Closed,Incident Response,L1
RES01357,INC01357,17,1009,Contained,SOC Tier 1,L3
RES01358,INC01358,11,1028,Closed,SOC Tier 2,L1
RES01359,INC01359,84,460,Closed,Forensics,L3
RES01360,INC01360,131,1490,Closed,Forensics,L1
RES01361,INC01361,41,1438,Closed,SOC Tier 2,L1
RES01362,INC01362,33,218,Closed,Network Security,L1
RES01363,INC01363,33,1142,Closed,SOC Tier 1,L2
RES01364,INC01364,83,744,In Progress,Forensics,L1
RES01365,INC01365,68,1048,In Progress,Network Security,L1
RES01366,INC01366,391,1202,Closed,SOC Tier 1,L1
RES01367,INC01367,80,424,Closed,Network Security,L1
RES01368,INC01368,75,240,Contained,Incident Response,L1
RES01369,INC01369,308,1061,Contained,Forensics,L1
RES01370,INC01370,178,1388,Closed,SOC Tier 2,L1
RES01371,INC01371,96,1285,Pending,Forensics,L1
RES01372,INC01372,5,422,In Progress,Forensics,L1
RES01373,INC01373,17,1259,In Progress,SOC Tier 2,L3
RES01374,INC01374,47,578,Pending,Incident Response,L1
RES01375,INC01375,45,866,Closed,Network Security,L1
RES01376,INC01376,15,502,Contained,SOC Tier 2,L1
RES01377,INC01377,137,904,In Progress,Forensics,L1
RES01378,INC01378,46,822,Contained,SOC Tier 1,L1
RES01379,INC01379,73,1086,Contained,SOC Tier 2,L1
RES01380,INC01380,143,838,Contained,Incident Response,L1
RES01381,INC01381,207,981,Contained,Incident Response,L1
RES01382,INC01382,114,1062,Pending,SOC Tier 1,L1
RES01383,INC01383,51,669,Closed,Forensics,L1
RES01384,INC01384,63,832,In Progress,SOC Tier 2,L2
RES01385,INC01385,47,197,In Progress,SOC Tier 1,L1
RES01386,INC01386,158,1414,In Progress,Incident Response,L1
RES01387,INC01387,16,223,Contained,Forensics,L1
RES01388,INC01388,78,1338,In Progress,SOC Tier 1,L1
RES01389,INC01389,48,1149,Contained,Incident Response,L1
RES01390,INC01390,182,1548,In Progress,Forensics,L1
RES01391,INC01391,43,107,Pending,Forensics,L1
RES01392,INC01392,140,476,Closed,SOC Tier 1,L1
RES01393,INC01393,28,131,Contained,Network Security,L2
RES01394,INC01394,21,639,In Progress,Forensics,L1
RES01395,INC01395,96,1401,Contained,Network Security,L1
RES01396,INC01396,20,1130,In Progress,Network Security,L1
RES01397,INC01397,11,1033,Closed,Network Security,L3
RES01398,INC01398,28,1254,Pending,Incident Response,L1
RES01399,INC01399,8,43,Contained,SOC Tier 1,L2
RES01400,INC01400,45,1185,Closed,Network Security,L2
RES01401,INC01401,82,551,In Progress,Network Security,L1
RES01402,INC01402,101,1105,In Progress,Forensics,L3
RES01403,INC01403,59,1165,Closed,Forensics,L1
RES01404,INC01404,17,1013,Closed,SOC Tier 2,L1
RES01405,INC01405,119,737,Contained,Forensics,L2
RES01406,INC01406,106,998,Closed,SOC Tier 1,L1
RES01407,INC01407,87,778,In Progress,Forensics,L1
RES01408,INC01408,114,1029,Closed,SOC Tier 1,L1
RES01409,INC01409,8,684,In Progress,Network Security,L1
RES01410,INC01410,20,605,Closed,Network Security,L1
RES01411,INC01411,17,332,In Progress,Network Security,L2
RES01412,INC01412,80,656,Contained,Forensics,L2
RES01413,INC01413,160,1207,In Progress,Incident Response,L1
RES01414,INC01414,9,1266,Closed,SOC Tier 1,L1
RES01415,INC01415,89,264,Closed,Network Security,L1
RES01416,INC01416,31,318,Closed,SOC Tier 2,L1
RES01417,INC01417,19,764,Closed,Network Security,L2
RES01418,INC01418,5,1025,Contained,SOC Tier 2,L1
RES01419,INC01419,33,302,Closed,SOC Tier 1,L1
RES01420,INC01420,49,537,Pending,Network Security,L1
RES01421,INC01421,93,188,Closed,SOC Tier 1,L1
RES01422,INC01422,90,194,Closed,SOC Tier 2,L2
RES01423,INC01423,59,290,Contained,Network Security,L2
RES01424,INC01424,198,1256,Contained,Forensics,L1
RES01425,INC01425,61,1316,Closed,SOC Tier 2,L2
RES01426,INC01426,41,774,Closed,SOC Tier 2,L1
RES01427,INC01427,11,289,Closed,SOC Tier 2,L1
RES01428,INC01428,139,1468,Contained,Incident Response,L2
RES01429,INC01429,50,472,Contained,SOC Tier 1,L1
RES01430,INC01430,18,266,Closed,Incident Response,L2
RES01431,INC01431,12,236,Closed,Forensics,L3
RES01432,INC01432,145,672,Closed,SOC Tier 1,L1
RES01433,INC01433,15,1082,Closed,Forensics,L1
RES01434,INC01434,7,596,Closed,Incident Response,L1
RES01435,INC01435,26,684,Closed,Network Security,L3
RES01436,INC01436,10,519,Closed,Network Security,L1
RES01437,INC01437,122,1482,Closed,Forensics,L1
RES01438,INC01438,246,1239,Closed,Network Security,L1
RES01439,INC01439,21,987,Contained,Forensics,L1
RES01440,INC01440,16,663,In Progress,SOC Tier 2,L1
RES01441,INC01441,69,848,Closed,SOC Tier 2,L3
RES01442,INC01442,170,1447,Closed,Network Security,L1
RES01443,INC01443,13,968,Contained,SOC Tier 1,L1
RES01444,INC01444,48,1225,Closed,SOC Tier 1,L1
RES01445,INC01445,13,99,In Progress,SOC Tier 2,L1
RES01446,INC01446,99,1341,Contained,SOC Tier 2,L1
RES01447,INC01447,60,1430,Closed,SOC Tier 1,L1
RES01448,INC01448,5,977,Closed,Network Security,L3
RES01449,INC01449,23,1401,Contained,Incident Response,L1
RES01450,INC01450,81,911,In Progress,SOC Tier 2,L1
RES01451,INC01451,64,483,Contained,SOC Tier 2,L1
RES01452,INC01452,12,896,Contained,Forensics,L1
RES01453,INC01453,83,998,Contained,Forensics,L2
RES01454,INC01454,79,312,In Progress,SOC Tier 1,L1
RES01455,INC01455,7,321,Contained,Network Security,L1
RES01456,INC01456,39,479,Closed,SOC Tier 2,L1
RES01457,INC01457,29,830,Closed,SOC Tier 2,L1
RES01458,INC01458,64,302,Closed,Incident Response,L1
RES01459,INC01459,47,1163,Contained,Forensics,L1
RES01460,INC01460,64,248,Contained,Incident Response,L1
RES01461,INC01461,6,1361,Contained,Forensics,L3
RES01462,INC01462,51,1033,Closed,Forensics,L1
RES01463,INC01463,29,537,Contained,Network Security,L1
RES01464,INC01464,90,645,Closed,Network Security,L1
RES01465,INC01465,5,1012,Contained,Network Security,L1
RES01466,INC01466,142,297,Closed,SOC Tier 2,L1
RES01467,INC01467,52,1092,Contained,Forensics,L2
RES01468,INC01468,23,831,Contained,Forensics,L1
RES01469,INC01469,32,373,Closed,Network Security,L1
RES01470,INC01470,5,1300,In Progress,Network Security,L2
RES01471,INC01471,50,966,Closed,Forensics,L3
RES01472,INC01472,24,284,Contained,SOC Tier 1,L1
RES01473,INC01473,10,964,Closed,SOC Tier 1,L3
RES01474,INC01474,13,622,Closed,Forensics,L1
RES01475,INC01475,17,1124,Pending,Incident Response,L2
RES01476,INC01476,171,894,Closed,Network Security,L1
RES01477,INC01477,6,1445,Closed,Incident Response,L2
RES01478,INC01478,37,1374,Closed,Incident Response,L1
RES01479,INC01479,58,144,In Progress,SOC Tier 1,L1
RES01480,INC01480,146,755,In Progress,SOC Tier 2,L1
RES01481,INC01481,251,566,Closed,SOC Tier 1,L1
RES01482,INC01482,50,714,Contained,Incident Response,L1
RES01483,INC01483,13,247,Closed,SOC Tier 1,L3
RES01484,INC01484,38,823,In Progress,Forensics,L1
RES01485,INC01485,20,267,Closed,SOC Tier 2,L1
RES01486,INC01486,37,945,In Progress,Network Security,L1
RES01487,INC01487,52,722,Closed,SOC Tier 1,L1
RES01488,INC01488,12,1442,Pending,SOC Tier 1,L1
RES01489,INC01489,5,1273,Contained,Incident Response,L1
RES01490,INC01490,47,923,In Progress,Network Security,L3
RES01491,INC01491,31,693,Closed,Forensics,L2
RES01492,INC01492,42,1081,Contained,Incident Response,L2
RES01493,INC01493,97,1069,Closed,Network Security,L1
RES01494,INC01494,29,255,In Progress,Network Security,L1
RES01495,INC01495,91,651,Closed,Network Security,L1
RES01496,INC01496,27,1455,Closed,Network Security,L1
RES01497,INC01497,16,496,Pending,SOC Tier 1,L2
RES01498,INC01498,24,72,Pending,Incident Response,L1
RES01499,INC01499,99,1305,Contained,Forensics,L3
RES01500,INC01500,13,1358,Closed,Incident Response,L1
